partecipante,domanda,risposta
P01,1. Adrianne Avenicci (V) — che impressione ti ha fatto,"Mercante poco coinvolgente, statico e muto"
P01,2. Arcadia (N) — che impressione ti ha fatto,"Impressione generalmente positiva, trattativa standard come se andassi in un mercato nella vita reale"
P01,3. Belethor (A) — che impressione ti ha fatto,"Buona impressione, proprio come se fosse un amico, anche se ha abbassato il prezzo forse doveva concedere più facilmente"
P01,4. Lucan Valerius (D) — che impressione ti ha fatto,"Ottima impressione, ostinato ad alzare il prezzo e tentatom a non cedere alle mie richieste"
P01,Finale 2 — in che cosa erano diversi,Ognuno trattava secondo idee diverse in base ai ricordi ed al rapporto con me
P01,Finale 8 — qualcosa che non tornava,Il mercante che non parlava risultava noioso in confronto agli altri
P01,Finale B — cosa cambieresti,Nulla
P01,Finale B — altro,Esperienza molto positiva ed apprezzata
P02,1. Arcadia (N) — che impressione ti ha fatto,Ottima impressione coinvolgente
P02,2. Lucan Valerius (D) — che impressione ti ha fatto,Ho capito quello che era successo grazie alle sue frasi
P02,3. Adrianne Avenicci (V) — che impressione ti ha fatto,Monotono
P02,4. Belethor (A) — che impressione ti ha fatto,Mi ha fatto subito capire che provava ammirazione
P02,Finale 2 — in che cosa erano diversi,Cambiavano in relazioni con me
P02,Finale 8 — qualcosa che non tornava,Tutto tornava
P02,Finale B — cosa cambieresti,Nulla
P02,Finale B — altro,Niente
P03,1. Belethor (A) — che impressione ti ha fatto,Esperienza positiva e migliore rispetto alla trattativa vanilla
P03,2. Adrianne Avenicci (V) — che impressione ti ha fatto,Trattativa standard a cui ero abituato
P03,3. Lucan Valerius (D) — che impressione ti ha fatto,Bello il fatto che ricordasse interazioni passate negative
P03,4. Arcadia (N) — che impressione ti ha fatto,Utile a capire la meccanica nuova isolata
P03,Finale 2 — in che cosa erano diversi,Avevano prezzi diversi in base a eventi passati
P03,Finale 8 — qualcosa che non tornava,Ho compreso tutto
P03,Finale B — cosa cambieresti,Non cambierei nulla
P03,Finale B — altro,"Bella esperienza, la integrerei nel gioco base"
P04,1. Lucan Valerius (D) — che impressione ti ha fatto,Ottima impressione coinvolgente
P04,2. Belethor (A) — che impressione ti ha fatto,Bello il fatto che citasse spesso le mie azioni eroiche
P04,3. Arcadia (N) — che impressione ti ha fatto,Classico mercante simile alla vita reale
P04,4. Adrianne Avenicci (V) — che impressione ti ha fatto,"Da quello che ho compreso è il mercante standard, risulta molto semplice e noioso"
P04,Finale 2 — in che cosa erano diversi,Modo di parlare e trattare
P04,Finale 8 — qualcosa che non tornava,Niente
P04,Finale B — cosa cambieresti,Niente
P04,Finale B — altro,Niente
P05,1. Adrianne Avenicci (V) — che impressione ti ha fatto,Trattativa statica senza vera interazione
P05,2. Arcadia (N) — che impressione ti ha fatto,Primo approccio positivo con interazione vocale
P05,3. Belethor (A) — che impressione ti ha fatto,"Iol mercante che mi è piaciuto di più, possibilità di trattare e vera e propria relazione emotiva"
P05,4. Lucan Valerius (D) — che impressione ti ha fatto,Trattativa troppo lunga con lui che rimaneva fisso sul suo prezzo
P05,Finale 2 — in che cosa erano diversi,Nella memoria passata che influenzava i comportamenti
P05,Finale 8 — qualcosa che non tornava,Mi è sembrata troppo lunga la trattativa con Lucan e ferma
P05,Finale B — cosa cambieresti,Lavorerei di più sui passi tra un prezzo e l'altro
P05,Finale B — altro,Tutto chiaro
P05,Note del conduttore,La trattativa di Lucan non si è fermata con trattativa chiusa ma è continuata ad oltranza. Fixato il problema per le prossime interazioni.
P06,1. Arcadia (N) — che impressione ti ha fatto,Interazione divertente e coinvolgente
P06,2. Lucan Valerius (D) — che impressione ti ha fatto,"Ho subito percepito ostilita nei miei confronti, rispecchiata poi dal suo prezzo alto"
P06,3. Adrianne Avenicci (V) — che impressione ti ha fatto,Mercante noioso e non interattivo
P06,4. Belethor (A) — che impressione ti ha fatto,Mi ha subito avvertito della sua ammirazione per i miei comportamenti eroici
P06,Finale 2 — in che cosa erano diversi,Ognuno trattava in base a quello che io avevo fatto per loro
P06,Finale 8 — qualcosa che non tornava,Mi è piaciuto tutto
P06,Finale B — cosa cambieresti,Mi piace così
P07,1. Belethor (A) — che impressione ti ha fatto,"Primo approccio con un mercante con cui poter parlare. Mi sono dovuto adattare perchè non ero abituato, esperienza strana ma subito piacevole"
P07,2. Adrianne Avenicci (V) — che impressione ti ha fatto,"Da quello che ho capito è il classico mercante skyrim, monotono e senza coinvolgimento"
P07,3. Lucan Valerius (D) — che impressione ti ha fatto,Si percepiva a pieno la sua ostilità connessa al mio passato
P07,4. Arcadia (N) — che impressione ti ha fatto,Trattativa normale arrichhita dal vocale
P07,Finale 2 — in che cosa erano diversi,Ognuno tentava di raggiungere i propri obbiettivi
P07,Finale 8 — qualcosa che non tornava,Ci vuole solo un attimo di tempo per abiturasi a qualcosa che per me risultava nuovo
P07,Finale B — cosa cambieresti,"Non conosco bene il settore, mi sembra comunque molto coinvolgente, da approfondire"
P07,Finale B — altro,"Esperienza molto positiva, per me può funzionare"
P08,1. Lucan Valerius (D) — che impressione ti ha fatto,Non so affine all'ambiente videoludico ma ho compreso i motivi dei comportamenti del mercante e sono riuscito a contrattare il prezzo con lui
P08,2. Belethor (A) — che impressione ti ha fatto,"Esperienza positiva, andata meglio della precedente perchè più abituato oramai alla situazione in cui mi sono ritrovato"
P08,3. Arcadia (N) — che impressione ti ha fatto,Mi dispiace aver comunicato con lei come ultima in quanto non aveva nulla di relazionale da restituirmi in questa situazione in cui avevo già compreso appieno il funzionamento dell'esperienza
P08,4. Adrianne Avenicci (V) — che impressione ti ha fatto,"Dopo aver testato le precedenti, questa è risultata molto semplice e basilare, senza una vera componente intrattenitiva ed immersiva"
P08,Finale 2 — in che cosa erano diversi,"I primi 3 mercanti mi ha restituito qualcosa, mi hanno fatto vivere una esperienza reale che mi ha portato all'interno del gioco, il quarto invece è risultato troppo statico"
P08,Finale 8 — qualcosa che non tornava,Mi piace così
P08,Finale B — cosa cambieresti,Non apporterei modifiche al sistema dei primi 3 mercanti
P08,Finale B — altro,Reputo l'esperienza innovativa e che riesca a convogliare l'evoluzione tecnologica all'interno di questo tipo di ambienti
P09,1. Adrianne Avenicci (V) — che impressione ti ha fatto,Avevo già provato la trattativa standard di Skyrim e risulta molto semplice
P09,2. Arcadia (N) — che impressione ti ha fatto,Molto divertente
P09,3. Belethor (A) — che impressione ti ha fatto,Trattativa divertente e caratterizzata dai ricordi positivi del mercante
P09,4. Lucan Valerius (D) — che impressione ti ha fatto,"Ottima impressione, esperienza più positiva con il mercante molto condizionato dal passato"
P09,Finale 2 — in che cosa erano diversi,Ognuno aveva le proprie caratteristiche ed i propri ricordi
P09,Finale 8 — qualcosa che non tornava,"Avendo giocato uno skyrim diverso, è stato strano e particolare"
P09,Finale B — cosa cambieresti,Inserirei questi mercanti nel gioco base
P09,Finale B — altro,Nulla da aggiungere
P10,1. Arcadia (N) — che impressione ti ha fatto,Trattativa lineare ma interattiva
P10,2. Lucan Valerius (D) — che impressione ti ha fatto,Il mercante era a conoscenza di una relazione passata che ha influenzato tutta la trattativa
P10,3. Adrianne Avenicci (V) — che impressione ti ha fatto,Molto standard
P10,4. Belethor (A) — che impressione ti ha fatto,Bella trattativa in cui il mercante continuava a parlare delle mie azioni eroiche
P10,Finale 2 — in che cosa erano diversi,Ognuno aveva i propri pensieri e le proprie emozioni
P10,Finale 8 — qualcosa che non tornava,Ci è voluto un attimo per abituarsi
P10,Finale B — cosa cambieresti,Mi piace così com'è
P10,Finale B — altro,Esperienza positiva e divertente
P11,1. Belethor (A) — che impressione ti ha fatto,"Di primo approccio mi è sembrato strano, poi dopo qualche battuta ho iniziato molto ad apprezzare l'interazione con lui"
P11,2. Adrianne Avenicci (V) — che impressione ti ha fatto,"Non una grande interazione, quindi esperienza semplice e standard"
P11,3. Lucan Valerius (D) — che impressione ti ha fatto,"Impressione super positiva, ero già abituato e mi sono divertito a cercare di abbassare il prezzo contro il suo volere"
P11,4. Arcadia (N) — che impressione ti ha fatto,Mercante vanilla standard senza un vero rapporto ma arricchito dallo scambio vocale di battute e prezzi. Mi è piaciuto di più rispetto ad un mercante standard nonostante l'assenza di un vero e proprio rapporto che si andrà a sviluppare nel tempo
P11,Finale 2 — in che cosa erano diversi,Ognuno aveva un modo diverto di trattare e parlare con me
P11,Finale 8 — qualcosa che non tornava,Tutto è stato molto chiaro fin da subito
P11,Finale B — cosa cambieresti,"Secondo me è già ad un ottimo livello, rimarrebbe magari solo da affinare con tempo ed esperienza meglio le risposte ed i dialoghi"
P12,1. Lucan Valerius (D) — che impressione ti ha fatto,"Era arrabbiato con me quindi proprio non voleva abbassare il prezzo, io ho provato a proporgli dei prezzi più bassi"
P12,2. Belethor (A) — che impressione ti ha fatto,"Aveva un rapporto positivo grazie ai miei salvataggi passati, è stato molto più disponibile ad abbassare il prezzo e mi ha fatto un grande sconto"
P12,3. Arcadia (N) — che impressione ti ha fatto,"Anche lei è stata molto più bassa con il prezzo ed era più incline a scendere, impressione quindi molto positiva"
P12,4. Adrianne Avenicci (V) — che impressione ti ha fatto,"Rispetto agli altri è stato un pò più semplice, quindi mi sento di giudicarla in maniera meno positiva"
P12,Finale 2 — in che cosa erano diversi,"Ognuno aveva le proprie caratteristiche, con alcuni era più facile trattare, con altri meno"
P12,Finale 8 — qualcosa che non tornava,Tutto è stato spiegato molto bene
P12,Finale B — cosa cambieresti,Mi è piaciuto molto già così
P12,Finale B — altro,Niente da aggiungere
P13,1. Adrianne Avenicci (V) — che impressione ti ha fatto,"Prima trattativa che ho fatto, è sembrata molto semplice ed ho compreso subito la problematica che questo progetto punta a risolvere"
P13,2. Arcadia (N) — che impressione ti ha fatto,"Durante questa trattativa mi sono sentito molto coinvolto ed immerso nell'esperienza, poter parlare e trattare come nella vita reale secondo me ha portato molti miglioramenti"
P13,3. Belethor (A) — che impressione ti ha fatto,"Impressione super positiva, l'insieme di poter trattare a voce con il fatto che i mercanti abbiano una memoria che a ad influenzare il loro comportamento agiunge molto spessore alla trattativa"
P13,4. Lucan Valerius (D) — che impressione ti ha fatto,"Mi sono divertito molto, rispetto agli altri proponeva un prezzo molto più alto, così ho provato a farlo scendere, ma, essendo in collera con me, questo ha portato al suo abbandono della trattativa"
P13,Finale 2 — in che cosa erano diversi,Ogni mercante aveva le proprie caratteristiche e la propri personalità. Il fatto che ognuno trattasse in modo realistico muovendo le labbra e avendo una propria voce l'ho trovato molto realistico
P13,Finale 8 — qualcosa che non tornava,"Non avendo molta esperienza a riguardo ho trovato inizialmente tutto strano, ma divertente, coinvolgente ed immersivo"
P13,Finale B — cosa cambieresti,"Il sistema secondo me ha un ottimo potenziale, potrà sicuramente essere migliorato nell'interazione in futuro, ma già così mi sembra un prodotto completo"
P13,Finale B — altro,"Esperienza molto positiva, innovativa e realistica. Rispetto al mercante base il sistema aggiunge una profondità unteriore che aggiunge immersione e coinvolgimento"
P14,1. Arcadia (N) — che impressione ti ha fatto,"Trattativa divertente, parlare con un personaggio del gioco è stato divertente"
P14,2. Lucan Valerius (D) — che impressione ti ha fatto,Oltre a trattare mi è piaciuto molto che avesse un prezzo diverso e trattasse in modo diverso. Inoltre il rapporto che aveva con me ha reso tutto più coinvolgente
P14,3. Adrianne Avenicci (V) — che impressione ti ha fatto,"Mercante standard, non poter trattare lo rende statico"
P14,4. Belethor (A) — che impressione ti ha fatto,Le è piaciuta la mia esperienza passata quindi mi ha fatto un prezzo molto basso. La trattativa è stata positiva e divertente
P14,Finale 2 — in che cosa erano diversi,Ognuno trattava a suo modo
P14,Finale 8 — qualcosa che non tornava,Tutto è stato chiaro
P14,Finale B — cosa cambieresti,Non cambierei nulla
P14,Finale B — altro,Nulla altro da dire
P15,1. Belethor (A) — che impressione ti ha fatto,"Il mercante mi è piaciuto molto, è stato molto gentile nei miei confronti ed ha trattato al ribasso"
P15,2. Adrianne Avenicci (V) — che impressione ti ha fatto,"Il mercante mi è piaciuto meno del precedente, troppo semplice e standard"
P15,3. Lucan Valerius (D) — che impressione ti ha fatto,"Interessante il fatto che dopo un certo numero di turni abbandoni la trattativa. Rispetto agli altri aveva un prezzo molto alto, impossibile trovare una via di mezzo equa rispetto agli altri mercanti"
P15,4. Arcadia (N) — che impressione ti ha fatto,"Pura trattativa, non inflenzata da eventi passati. Anche senza ammirazione o diffidamento comunque la trattativa resta coinvolgente"
P15,Finale 2 — in che cosa erano diversi,Erano diversi in modo di parlare e trattare. I prezzi di ognuno ero diversi a seconda del nostro rapporto e di cosa è avvenuto in passato
P15,Finale 8 — qualcosa che non tornava,Non mi ha convinto l'abbandono del mercante diffidente. Nonostante fosse arrabbiato con me secondo me avrebbe dovuto cedere di più per ceracre comunque di guadagnare dalla vendita
P15,Finale B — cosa cambieresti,"Sarebbe bello che oltre ad adattare il prezzo in funzione del rapporto, adattassero i prezzi anche i funzione dei mrcanti della zona, quindi se un mercante è arrabbiato con il giocatore aumenta il suo prezzo, ma se ha attorno mercanti neutri con prezzi più bassi, tende ad avvicinarsi di più ai loro prezzi nonostante la trattativa più dura, per cercare di non perdere un possibile guadagno"
P15,Finale B — altro,Per il resto l'esperienza secondo me è stata molto piacevole e la approvo
P16,1. Lucan Valerius (D) — che impressione ti ha fatto,"Il mercante è sembrato molto realistico, parlava come una persona normale e rispondeva in maniera coerente, ho apprezzato molto"
P16,2. Belethor (A) — che impressione ti ha fatto,"Mi ha fatto una impressione molto positiva, citava l'esperienza del drago ed il prezzo è stato coerente con ciò"
P16,3. Arcadia (N) — che impressione ti ha fatto,"Mi è sembrato il mercante più realistico, non citava cose particolari ma si limitava a cercare di vendere l'oggetto, con una disponibilità a trattare il prezzo realistica e coinvolgente"
P16,4. Adrianne Avenicci (V) — che impressione ti ha fatto,"Rispetto agli altri mercanti questa trattativa resta indietro, è poco realistica e non è al passo con i tempi attuali"
P16,Finale 2 — in che cosa erano diversi,"I tre mercanti mostravano un prezzo di partenza di verso, dipendente dai loro ricordi e dalle loro memorie. Oltre al prezzo, trattavano in modo coerente"
P16,Finale 8 — qualcosa che non tornava,Le spiegazioni iniziali sono state chiare e mi hanno aiutato a vivere e comprendere l'esperienza
P16,Finale B — cosa cambieresti,"Mi piace il fatto che i mercanti ricordino le esperienze e si comportino di conseguenza ma forse lo fanno in maniera esagerata, il prezzo cambia molto a seconda della situazione in cui il giocatore arriva a trattare"
P16,Finale B — altro,"Reputo l'inserimento di una trattativa vocale una cosa innovativa, che può andare a migliorare molti ambiti no solo a livello videloludico, ma una volta testata e compresa meglio potrebbe avere molte altre implicazioni"
P17,1. Adrianne Avenicci (V) — che impressione ti ha fatto,Essendo abituato al gioco standard a me questo tipo di interazione è piaciuta molto
P17,2. Arcadia (N) — che impressione ti ha fatto,Sicuramente esperienza innovativa ed interessante
P17,3. Belethor (A) — che impressione ti ha fatto,Il fatto che il mercante avesse ricordi positivi ed influezasse il prezzo di conseguenza mi è piaciuto molto
P17,4. Lucan Valerius (D) — che impressione ti ha fatto,Bello il fatto che il prezzo ed il tipo di trattativa siano stati molto più duri a causa del mio comportamento passato con il mercante
P17,Finale 2 — in che cosa erano diversi,"Rispetto al mercante standard risultano più coinvolgenti in quando è più possibili avere una conversazione e hanno la possibilità di poter trattare il prezzo. tra loro hanno la caratteritice di dipendere dal rapportp cpn il giocatore, quindi si va a creare una trattativa più variegata sul piano commerciale"
P17,Finale 8 — qualcosa che non tornava,Le trattative sono state semplici e comprensibili
P17,Finale B — cosa cambieresti,Forse il fatto di poter trattare a voce alla lunga potrebbe risultare complicato all'interno del gioco.
P17,Finale B — altro,"Sicuramente interessante la meccanica riguardante la trattatia, questo aspetto va a dare più profondità al gioco rispetto al vanilla. Per quanto riguarda la meccanica dell'interazione vocale andrebbe testata a lungo ma penso possa non piacere a tutti a lunga, potrebbe avere giusto quell'effetto wow iniziale. Approvo molto però l'aver scelto Skyrim come ambiente di test, in quanto completo e coerente"
P18,1. Arcadia (N) — che impressione ti ha fatto,Impressione molto positiva
P18,2. Lucan Valerius (D) — che impressione ti ha fatto,Impressione molto positiva
P18,3. Adrianne Avenicci (V) — che impressione ti ha fatto,"Impressione buona, ma carente rispetto ai precedenti"
P18,4. Belethor (A) — che impressione ti ha fatto,Impressione positiva
P18,Finale 2 — in che cosa erano diversi,Differivano nel comportamento e nei prezzi
P18,Finale 8 — qualcosa che non tornava,"Nulla è stato confusionario, tutto è stato spiegato in maniera chiara e comprensibile"
P18,Finale B — cosa cambieresti,Penso che funzioni tutto molto bene
P18,Finale B — altro,Non ho nulla da aggiungere
P19,1. Belethor (A) — che impressione ti ha fatto,"Impressione super positiva, abbiamo auto una trattativa lunga che però ha portato ad un prezzo favorevole con un sostanziale abbassamento di prezzo"
P19,2. Adrianne Avenicci (V) — che impressione ti ha fatto,"Non avendo la possibilità di trattare il prezzo, la trattativa è stata molto monotona e semplice"
P19,3. Lucan Valerius (D) — che impressione ti ha fatto,"Trattativa dura, il prezzo è partito molto alto, ma dopo un pò di trattativa abbiamo trovato un accordo a ribasso. Piacevole il fatto che il prezzo e la direzione della trattativa siano stati influenzati dal nostro rapporto"
P19,4. Arcadia (N) — che impressione ti ha fatto,Mercante puramente basato sulla contrattazione. La trattativa anche in questo caso ha portato ad un abbassamento di prezzo che giusamente ed in maniera coerente è stata una via di mezzo tra i precedenti
P19,Finale 2 — in che cosa erano diversi,"Salta subito all'occhio il prezzo con cui i mercanti partono, questo dipende dal nostro rapporto. Anche la tendenza ad abbassare il prezzo dipende dal loro comportamento e rende tutto molto diverso tra una trattativa e l'altra"
P19,Finale 8 — qualcosa che non tornava,"Ho solo dei dubbi sull'economia bilanciata del gioco, i prezzi si discostano molto rispetto a quello avuto con il mercante vanilla per cui andrebbe forse studiata meglio una strategia per evotare problemi sulla futura economia del gioco"
P19,Finale B — cosa cambieresti,Il sistema secondo me funziona già alla grande. Come citato precedentemente forse andrebbe solo bilanciata quella che è l'economia sul lungo periodo
P19,Finale B — altro,"Penso che questa meccanica possa in linea generale funzionare ed essere ampliata man mano che viene testata. Sul futuro prevedo che possa essere applicata ad altri giochi e soprattutto, una volta compresa al meglio, anche a sistemi applicabili alla vita reale quotidiana"
P20,1. Lucan Valerius (D) — che impressione ti ha fatto,"Impressione molto positiva, lui è stato molto credibile"
P20,2. Belethor (A) — che impressione ti ha fatto,"Mi è piaciuto molto, con i suoi complimenti mi ha fatto capire che con lui il prezzo sarebbe stato più basso e così è stato"
P20,3. Arcadia (N) — che impressione ti ha fatto,"Nonostante non avessimo un vero e proprio rapporto, si è comunque comportata in maniera gentile e con lei è stato possibile trattare comunque"
P20,4. Adrianne Avenicci (V) — che impressione ti ha fatto,"Mi è piaciuto meno dei precedenti, non ho precepito molto il coinvolgimento che gli altri mi avevano dato"
P20,Finale 2 — in che cosa erano diversi,"Sicuramente citavano esperienze diverse, avevano voci diverse e prezzi coerenti ai comportamenti che li caratterizzavano"
P20,Finale 8 — qualcosa che non tornava,Non ho avuto dubbi o perplessità durante l'esperienza
P20,Finale B — cosa cambieresti,Penso che poter parlare mentre si gioca sia una grande miglioria
P20,Finale B — altro,Esperienza interessante che mette in luce le possibilità tecnologiche del giorno d'oggi
P21,1. Adrianne Avenicci (V) — che impressione ti ha fatto,"Impressione abbastanza neutra, nulla di troppo emozionante"
P21,2. Arcadia (N) — che impressione ti ha fatto,"Impressione molto positiva, rispetto al precedente si mette subito in mostra la possibilità di trattare"
P21,3. Belethor (A) — che impressione ti ha fatto,"Sono rimasto picacevolmente colpito da questo mercante che, oltra a contrattare, dimostra un comportamento influenzato"
P21,4. Lucan Valerius (D) — che impressione ti ha fatto,"Interessante il fatto che proponesse prezzi ancora diverso perchè in collera, ma forse troppo alti rispetto allo standard"
P21,Finale 2 — in che cosa erano diversi,"Ogni mercante aveva le proprie caratteristiche, spesso influenzate dal rapporto con il giocatore, che condizionano i prezzi e l'andamento della trattativa"
P21,Finale 8 — qualcosa che non tornava,Forse il prezzo del mercante Lucan risultava troppo alto rispetto allo standard
P21,Finale B — cosa cambieresti,"Bilancerei meglio i prezzi, i quali dipendono troppo dal rapporto con il giocatore. Questa cosa rischia di destabilizzare soprattutto se si acuistano articoli in seguito da mercanti diversi"
P21,Finale B — altro,Detto già tutto
P22,1. Arcadia (N) — che impressione ti ha fatto,Mi è piaciuto tantissimo trattare con lei. Abbiamo parlato in maniera fluida e siamo riuscite a trovare un accordo sul prezzo
P22,2. Lucan Valerius (D) — che impressione ti ha fatto,Lucan si è dimostrato molto ostile ed è riuscito ad ottenere un prezzo molto più alto grazie alla sua trattativa più dura
P22,3. Adrianne Avenicci (V) — che impressione ti ha fatto,Ero abituata ai mercanti standard di Skyrim e apprezzo quindi molto il risultato di questo progetto in quando nel vanilla risultano spenti
P22,4. Belethor (A) — che impressione ti ha fatto,"Trattativa piacevole, molto simile al primo mercante ma con una disponibilità maggiore a trattare"
P22,Finale 2 — in che cosa erano diversi,"Erano diversi su molti aspetti quali voce, personalità, interazioni, prezzi, comportamenti e trattative"
P22,Finale 8 — qualcosa che non tornava,"Penso che già il fatto di inserire all'interno del gioco la possibilità di trattare con i mercanti sia un plus importante, non mi convince al 100% solo la troppa varietà e differenza che si va a creare con i mercanti che hanno una rapporto con il giocatore. Questo aspetto ci sta, ma secondo andando ad influenzare meno l'andamento dei prezzi, perchè tra mercante ammirevole e mercante diffidente la differenza è tanta"
P22,Finale B — cosa cambieresti,Apporterei solo le modifiche citate prima
P22,Finale B — altro,Esperienza globalmente interessante. Penso che l'introduzione del parlato e della possibilità di trattare sui prezzi vadano ad arrichhire molto l'esperienza di un gioco che ha già un ambiente complesso di base
P23,1. Belethor (A) — che impressione ti ha fatto,è stato bello poter parlare a voce con un personaggio del gioco. Sembrava a tutti gli effetti una persona vera
P23,2. Adrianne Avenicci (V) — che impressione ti ha fatto,"Questo mercante è stato invece molto più lineare, non poteva parlare ed aveva un prezzo standard. Sicuramente meno interessante"
P23,3. Lucan Valerius (D) — che impressione ti ha fatto,"Ho avuto una leggera difficoltà di comunicazione ma di per sè forse a livello di comportamento era quello che si diversificava di più dallo standard, forse anche troppo"
P23,4. Arcadia (N) — che impressione ti ha fatto,"Mercante equilibrata, gentile e molto molto realistica"
P23,Finale 2 — in che cosa erano diversi,"Ogni mercante differiva dagli altri secondo vari aspetti. Sicuramente la prima differenza la si è potuta notare nel prezzo di partenza, ognuno partiva con un prezzo incline al loro stato d'animo in quel momento. Anche poi il proseguimento della trattativa era coerente con il suo stato"
P23,Finale 8 — qualcosa che non tornava,"Fa un certo effetto, all'inizio strano ma che diventa presto molto interessante"
P23,Finale B — cosa cambieresti,"Mi sembra già un netto miglioramento rispetto a quello che è il sistema standard del gioco. Forse ci vorrebbero dei miglioramenti sulla parte a voce, mi è capitato di non essere compreso al 100%"
P23,Finale B — altro,Approvo assolutamente e al 100% questa esperienza. Mi lascia sicuramente qualcosa e sono sicuro sia un inizio dim un qualcosa che vedremo applicato sempre di più in futuro in ambiti più disparati
P24,1. Lucan Valerius (D) — che impressione ti ha fatto,"Impressione molto buona, Lucan ha rispecchiato il suo pensiero nei prezzi e nella trattativa"
P24,2. Belethor (A) — che impressione ti ha fatto,"Anche lui mi è piaciuto molto, era consapevole di quello che stava facendo e di quello che avveniva intorno e si comportava di conseguenza"
P24,3. Arcadia (N) — che impressione ti ha fatto,"Nonostante la mancanza di un vero e proprio rapporto, la trattativa è stata comunque coinvolgente e movimentata"
P24,4. Adrianne Avenicci (V) — che impressione ti ha fatto,"Trattativa standard, poco innovativa"
P24,Finale 2 — in che cosa erano diversi,"Ognuno aveva un proprio comportamento, ogni interazione era differente dalle altre"
P24,Finale 8 — qualcosa che non tornava,Nulla di particolare
P24,Finale B — cosa cambieresti,Il progetto attuale lo trovo già completo e molto innovativo
P24,Finale B — altro,Ho apprezzato generalmente tutto
P25,1. Adrianne Avenicci (V) — che impressione ti ha fatto,Ero a conoscenza di questo tipo di trattativa quindi non ho affrontato nulla di nuovo
P25,2. Arcadia (N) — che impressione ti ha fatto,"Ho apprezzato moltissimo la trattativa vocale, l'npc rispondeva alle mie domande su qualsiasi argomento ed era interattivo"
P25,3. Belethor (A) — che impressione ti ha fatto,Divertente il fatto che l'npc si comporti in conseguenza anche alle mie azioni connesse alla storia di gioco
P25,4. Lucan Valerius (D) — che impressione ti ha fatto,Ho apprezzato questa trattativa più di tutte. Trovo assolutamente coinvolgente il fatto che gli npc a seguito di una trattativa lunga senza progressi si spazientiscano e abbandonino la conversazione
P25,Finale 2 — in che cosa erano diversi,"Ognuno era differente, aveva i suoi tratti di personalità, i suoi ricordi ed il suo comportamento, proprio come una persona vera. Questo va ad influenzare sia i dialoghi e quindi la comversazione, che la direzione della trattativa con i prezzi"
P25,Finale 8 — qualcosa che non tornava,"Tutto è stato spiegato bene, usare il sistema è stato semplice"
P25,Finale B — cosa cambieresti,Non apporterei grosse modifiche al sistema
P25,Finale B — altro,Progetto innovativo e utile sia dal punto di vista videoludico che non
P26,1. Arcadia (N) — che impressione ti ha fatto,"Molto bello, super interessante"
P26,2. Lucan Valerius (D) — che impressione ti ha fatto,"Prezzo molto alto, ma divertente il fatto che fosse arrabbiato con me"
P26,3. Adrianne Avenicci (V) — che impressione ti ha fatto,"Molto semplice rispetto agli altri, non mi piace"
P26,4. Belethor (A) — che impressione ti ha fatto,"Super gentile e disponibile, bello il fatto che sia sceso di prezzo"
P26,Finale 2 — in che cosa erano diversi,Ognuno era diverso proprio come le persone vere
P26,Finale 8 — qualcosa che non tornava,Niente
P26,Finale B — cosa cambieresti,Niente
P26,Finale B — altro,Niente di altro
P27,1. Belethor (A) — che impressione ti ha fatto,"Rispetto a quello a cui ero abituato, questa è una grande innovazione. Bello sia il poter trattare i prezzi sia il parlare a voce"
P27,2. Adrianne Avenicci (V) — che impressione ti ha fatto,Trattativa a cui ero abituato
P27,3. Lucan Valerius (D) — che impressione ti ha fatto,Stra interessante. Si adatta agli eventi di gioco e risponde di conseguenza
P27,4. Arcadia (N) — che impressione ti ha fatto,"Nonostante non mi conosca, comuqnue interagisce e si adatta"
P27,Finale 2 — in che cosa erano diversi,"Ognuno aveva i suoi pensieri, il suo prezzo di apertura e il suo modo di trattare, coerentemente alle loro caratteristiche"
P27,Finale 8 — qualcosa che non tornava,Tutto torna
P27,Finale B — cosa cambieresti,Lo implementerei nel gioco base
P27,Finale B — altro,Niente da aggiungere
