partecipante,condizione,mercante,posizione,item,valore
P01,V,adrianne_avenicci,1,i01,5.0
P01,N,arcadia,2,i01,7.0
P01,A,belethor,3,i01,6.0
P01,D,lucan_valerius,4,i01,7.0
P01,V,adrianne_avenicci,1,i02,1.0
P01,N,arcadia,2,i02,1.0
P01,A,belethor,3,i02,3.0
P01,D,lucan_valerius,4,i02,2.0
P01,V,adrianne_avenicci,1,i03,3.0
P01,N,arcadia,2,i03,6.0
P01,A,belethor,3,i03,7.0
P01,D,lucan_valerius,4,i03,7.0
P01,V,adrianne_avenicci,1,i04,1.0
P01,N,arcadia,2,i04,6.0
P01,A,belethor,3,i04,7.0
P01,D,lucan_valerius,4,i04,6.0
P01,V,adrianne_avenicci,1,i05,1.0
P01,N,arcadia,2,i05,3.0
P01,A,belethor,3,i05,7.0
P01,D,lucan_valerius,4,i05,7.0
P01,V,adrianne_avenicci,1,i06,1.0
P01,N,arcadia,2,i06,6.0
P01,A,belethor,3,i06,7.0
P01,D,lucan_valerius,4,i06,7.0
P01,V,adrianne_avenicci,1,i07,1.0
P01,N,arcadia,2,i07,6.0
P01,A,belethor,3,i07,6.0
P01,D,lucan_valerius,4,i07,6.0
P01,V,adrianne_avenicci,1,i08,1.0
P01,N,arcadia,2,i08,7.0
P01,A,belethor,3,i08,7.0
P01,D,lucan_valerius,4,i08,7.0
P01,V,adrianne_avenicci,1,i09,1.0
P01,N,arcadia,2,i09,4.0
P01,A,belethor,3,i09,7.0
P01,D,lucan_valerius,4,i09,6.0
P01,V,adrianne_avenicci,1,i10,1.0
P01,N,arcadia,2,i10,2.0
P01,A,belethor,3,i10,6.0
P01,D,lucan_valerius,4,i10,6.0
P01,V,adrianne_avenicci,1,i11,1.0
P01,N,arcadia,2,i11,2.0
P01,A,belethor,3,i11,6.0
P01,D,lucan_valerius,4,i11,7.0
P01,V,adrianne_avenicci,1,i12,1.0
P01,N,arcadia,2,i12,5.0
P01,A,belethor,3,i12,7.0
P01,D,lucan_valerius,4,i12,3.0
P01,V,adrianne_avenicci,1,i13,1.0
P01,N,arcadia,2,i13,2.0
P01,A,belethor,3,i13,3.0
P01,D,lucan_valerius,4,i13,6.0
P01,V,adrianne_avenicci,1,i14,1.0
P01,N,arcadia,2,i14,7.0
P01,A,belethor,3,i14,7.0
P01,D,lucan_valerius,4,i14,7.0
P01,V,adrianne_avenicci,1,i15,3.0
P01,N,arcadia,2,i15,5.0
P01,A,belethor,3,i15,6.0
P01,D,lucan_valerius,4,i15,7.0
P01,V,adrianne_avenicci,1,i16,1.0
P01,N,arcadia,2,i16,6.0
P01,A,belethor,3,i16,6.0
P01,D,lucan_valerius,4,i16,6.0
P01,V,adrianne_avenicci,1,i17,2.0
P01,N,arcadia,2,i17,7.0
P01,A,belethor,3,i17,7.0
P01,D,lucan_valerius,4,i17,7.0
P02,N,arcadia,1,i01,6.0
P02,D,lucan_valerius,2,i01,7.0
P02,V,adrianne_avenicci,3,i01,3.0
P02,A,belethor,4,i01,7.0
P02,N,arcadia,1,i02,2.0
P02,D,lucan_valerius,2,i02,2.0
P02,V,adrianne_avenicci,3,i02,1.0
P02,A,belethor,4,i02,3.0
P02,N,arcadia,1,i03,5.0
P02,D,lucan_valerius,2,i03,6.0
P02,V,adrianne_avenicci,3,i03,1.0
P02,A,belethor,4,i03,7.0
P02,N,arcadia,1,i04,6.0
P02,D,lucan_valerius,2,i04,7.0
P02,V,adrianne_avenicci,3,i04,1.0
P02,A,belethor,4,i04,7.0
P02,N,arcadia,1,i05,5.0
P02,D,lucan_valerius,2,i05,7.0
P02,V,adrianne_avenicci,3,i05,1.0
P02,A,belethor,4,i05,7.0
P02,N,arcadia,1,i06,5.0
P02,D,lucan_valerius,2,i06,7.0
P02,V,adrianne_avenicci,3,i06,1.0
P02,A,belethor,4,i06,7.0
P02,N,arcadia,1,i07,6.0
P02,D,lucan_valerius,2,i07,6.0
P02,V,adrianne_avenicci,3,i07,1.0
P02,A,belethor,4,i07,7.0
P02,N,arcadia,1,i08,5.0
P02,D,lucan_valerius,2,i08,6.0
P02,V,adrianne_avenicci,3,i08,1.0
P02,A,belethor,4,i08,6.0
P02,N,arcadia,1,i09,5.0
P02,D,lucan_valerius,2,i09,7.0
P02,V,adrianne_avenicci,3,i09,1.0
P02,A,belethor,4,i09,7.0
P02,N,arcadia,1,i10,3.0
P02,D,lucan_valerius,2,i10,7.0
P02,V,adrianne_avenicci,3,i10,1.0
P02,A,belethor,4,i10,7.0
P02,N,arcadia,1,i11,4.0
P02,D,lucan_valerius,2,i11,6.0
P02,V,adrianne_avenicci,3,i11,1.0
P02,A,belethor,4,i11,7.0
P02,N,arcadia,1,i12,6.0
P02,D,lucan_valerius,2,i12,3.0
P02,V,adrianne_avenicci,3,i12,1.0
P02,A,belethor,4,i12,7.0
P02,N,arcadia,1,i13,1.0
P02,D,lucan_valerius,2,i13,7.0
P02,V,adrianne_avenicci,3,i13,1.0
P02,A,belethor,4,i13,1.0
P02,N,arcadia,1,i14,7.0
P02,D,lucan_valerius,2,i14,7.0
P02,V,adrianne_avenicci,3,i14,1.0
P02,A,belethor,4,i14,7.0
P02,N,arcadia,1,i15,6.0
P02,D,lucan_valerius,2,i15,7.0
P02,V,adrianne_avenicci,3,i15,1.0
P02,A,belethor,4,i15,6.0
P02,N,arcadia,1,i16,6.0
P02,D,lucan_valerius,2,i16,6.0
P02,V,adrianne_avenicci,3,i16,2.0
P02,A,belethor,4,i16,6.0
P02,N,arcadia,1,i17,6.0
P02,D,lucan_valerius,2,i17,7.0
P02,V,adrianne_avenicci,3,i17,3.0
P02,A,belethor,4,i17,7.0
P03,A,belethor,1,i01,7.0
P03,V,adrianne_avenicci,2,i01,1.0
P03,D,lucan_valerius,3,i01,7.0
P03,N,arcadia,4,i01,5.0
P03,A,belethor,1,i02,1.0
P03,V,adrianne_avenicci,2,i02,1.0
P03,D,lucan_valerius,3,i02,1.0
P03,N,arcadia,4,i02,1.0
P03,A,belethor,1,i03,7.0
P03,V,adrianne_avenicci,2,i03,1.0
P03,D,lucan_valerius,3,i03,7.0
P03,N,arcadia,4,i03,5.0
P03,A,belethor,1,i04,7.0
P03,V,adrianne_avenicci,2,i04,1.0
P03,D,lucan_valerius,3,i04,7.0
P03,N,arcadia,4,i04,6.0
P03,A,belethor,1,i05,7.0
P03,V,adrianne_avenicci,2,i05,1.0
P03,D,lucan_valerius,3,i05,7.0
P03,N,arcadia,4,i05,5.0
P03,A,belethor,1,i06,7.0
P03,V,adrianne_avenicci,2,i06,1.0
P03,D,lucan_valerius,3,i06,7.0
P03,N,arcadia,4,i06,5.0
P03,A,belethor,1,i07,7.0
P03,V,adrianne_avenicci,2,i07,1.0
P03,D,lucan_valerius,3,i07,7.0
P03,N,arcadia,4,i07,5.0
P03,A,belethor,1,i08,7.0
P03,V,adrianne_avenicci,2,i08,1.0
P03,D,lucan_valerius,3,i08,7.0
P03,N,arcadia,4,i08,5.0
P03,A,belethor,1,i09,7.0
P03,V,adrianne_avenicci,2,i09,1.0
P03,D,lucan_valerius,3,i09,7.0
P03,N,arcadia,4,i09,5.0
P03,A,belethor,1,i10,7.0
P03,V,adrianne_avenicci,2,i10,1.0
P03,D,lucan_valerius,3,i10,7.0
P03,N,arcadia,4,i10,5.0
P03,A,belethor,1,i11,7.0
P03,V,adrianne_avenicci,2,i11,1.0
P03,D,lucan_valerius,3,i11,7.0
P03,N,arcadia,4,i11,5.0
P03,A,belethor,1,i12,7.0
P03,V,adrianne_avenicci,2,i12,1.0
P03,D,lucan_valerius,3,i12,7.0
P03,N,arcadia,4,i12,6.0
P03,A,belethor,1,i13,1.0
P03,V,adrianne_avenicci,2,i13,1.0
P03,D,lucan_valerius,3,i13,6.0
P03,N,arcadia,4,i13,1.0
P03,A,belethor,1,i14,7.0
P03,V,adrianne_avenicci,2,i14,1.0
P03,D,lucan_valerius,3,i14,7.0
P03,N,arcadia,4,i14,5.0
P03,A,belethor,1,i15,7.0
P03,V,adrianne_avenicci,2,i15,1.0
P03,D,lucan_valerius,3,i15,7.0
P03,N,arcadia,4,i15,6.0
P03,A,belethor,1,i16,7.0
P03,V,adrianne_avenicci,2,i16,1.0
P03,D,lucan_valerius,3,i16,7.0
P03,N,arcadia,4,i16,6.0
P03,A,belethor,1,i17,7.0
P03,V,adrianne_avenicci,2,i17,1.0
P03,D,lucan_valerius,3,i17,7.0
P03,N,arcadia,4,i17,7.0
P04,D,lucan_valerius,1,i01,6.0
P04,A,belethor,2,i01,6.0
P04,N,arcadia,3,i01,6.0
P04,V,adrianne_avenicci,4,i01,2.0
P04,D,lucan_valerius,1,i02,2.0
P04,A,belethor,2,i02,2.0
P04,N,arcadia,3,i02,1.0
P04,V,adrianne_avenicci,4,i02,1.0
P04,D,lucan_valerius,1,i03,7.0
P04,A,belethor,2,i03,7.0
P04,N,arcadia,3,i03,6.0
P04,V,adrianne_avenicci,4,i03,1.0
P04,D,lucan_valerius,1,i04,6.0
P04,A,belethor,2,i04,6.0
P04,N,arcadia,3,i04,6.0
P04,V,adrianne_avenicci,4,i04,1.0
P04,D,lucan_valerius,1,i05,7.0
P04,A,belethor,2,i05,7.0
P04,N,arcadia,3,i05,5.0
P04,V,adrianne_avenicci,4,i05,1.0
P04,D,lucan_valerius,1,i06,7.0
P04,A,belethor,2,i06,7.0
P04,N,arcadia,3,i06,5.0
P04,V,adrianne_avenicci,4,i06,1.0
P04,D,lucan_valerius,1,i07,5.0
P04,A,belethor,2,i07,6.0
P04,N,arcadia,3,i07,6.0
P04,V,adrianne_avenicci,4,i07,1.0
P04,D,lucan_valerius,1,i08,5.0
P04,A,belethor,2,i08,5.0
P04,N,arcadia,3,i08,6.0
P04,V,adrianne_avenicci,4,i08,1.0
P04,D,lucan_valerius,1,i09,7.0
P04,A,belethor,2,i09,7.0
P04,N,arcadia,3,i09,5.0
P04,V,adrianne_avenicci,4,i09,1.0
P04,D,lucan_valerius,1,i10,7.0
P04,A,belethor,2,i10,7.0
P04,N,arcadia,3,i10,4.0
P04,V,adrianne_avenicci,4,i10,1.0
P04,D,lucan_valerius,1,i11,6.0
P04,A,belethor,2,i11,6.0
P04,N,arcadia,3,i11,4.0
P04,V,adrianne_avenicci,4,i11,1.0
P04,D,lucan_valerius,1,i12,3.0
P04,A,belethor,2,i12,6.0
P04,N,arcadia,3,i12,6.0
P04,V,adrianne_avenicci,4,i12,1.0
P04,D,lucan_valerius,1,i13,7.0
P04,A,belethor,2,i13,2.0
P04,N,arcadia,3,i13,1.0
P04,V,adrianne_avenicci,4,i13,1.0
P04,D,lucan_valerius,1,i14,7.0
P04,A,belethor,2,i14,7.0
P04,N,arcadia,3,i14,7.0
P04,V,adrianne_avenicci,4,i14,1.0
P04,D,lucan_valerius,1,i15,6.0
P04,A,belethor,2,i15,6.0
P04,N,arcadia,3,i15,5.0
P04,V,adrianne_avenicci,4,i15,1.0
P04,D,lucan_valerius,1,i16,6.0
P04,A,belethor,2,i16,6.0
P04,N,arcadia,3,i16,7.0
P04,V,adrianne_avenicci,4,i16,1.0
P04,D,lucan_valerius,1,i17,6.0
P04,A,belethor,2,i17,6.0
P04,N,arcadia,3,i17,6.0
P04,V,adrianne_avenicci,4,i17,1.0
P05,V,adrianne_avenicci,1,i01,3.0
P05,N,arcadia,2,i01,7.0
P05,A,belethor,3,i01,7.0
P05,D,lucan_valerius,4,i01,5.0
P05,V,adrianne_avenicci,1,i02,1.0
P05,N,arcadia,2,i02,2.0
P05,A,belethor,3,i02,3.0
P05,D,lucan_valerius,4,i02,5.0
P05,V,adrianne_avenicci,1,i03,2.0
P05,N,arcadia,2,i03,5.0
P05,A,belethor,3,i03,7.0
P05,D,lucan_valerius,4,i03,7.0
P05,V,adrianne_avenicci,1,i04,1.0
P05,N,arcadia,2,i04,6.0
P05,A,belethor,3,i04,7.0
P05,D,lucan_valerius,4,i04,4.0
P05,V,adrianne_avenicci,1,i05,1.0
P05,N,arcadia,2,i05,5.0
P05,A,belethor,3,i05,7.0
P05,D,lucan_valerius,4,i05,7.0
P05,V,adrianne_avenicci,1,i06,1.0
P05,N,arcadia,2,i06,5.0
P05,A,belethor,3,i06,6.0
P05,D,lucan_valerius,4,i06,6.0
P05,V,adrianne_avenicci,1,i07,1.0
P05,N,arcadia,2,i07,6.0
P05,A,belethor,3,i07,6.0
P05,D,lucan_valerius,4,i07,6.0
P05,V,adrianne_avenicci,1,i08,1.0
P05,N,arcadia,2,i08,7.0
P05,A,belethor,3,i08,7.0
P05,D,lucan_valerius,4,i08,4.0
P05,V,adrianne_avenicci,1,i09,1.0
P05,N,arcadia,2,i09,5.0
P05,A,belethor,3,i09,7.0
P05,D,lucan_valerius,4,i09,7.0
P05,V,adrianne_avenicci,1,i10,1.0
P05,N,arcadia,2,i10,4.0
P05,A,belethor,3,i10,7.0
P05,D,lucan_valerius,4,i10,7.0
P05,V,adrianne_avenicci,1,i11,1.0
P05,N,arcadia,2,i11,5.0
P05,A,belethor,3,i11,7.0
P05,D,lucan_valerius,4,i11,6.0
P05,V,adrianne_avenicci,1,i12,1.0
P05,N,arcadia,2,i12,6.0
P05,A,belethor,3,i12,6.0
P05,D,lucan_valerius,4,i12,1.0
P05,V,adrianne_avenicci,1,i13,1.0
P05,N,arcadia,2,i13,1.0
P05,A,belethor,3,i13,2.0
P05,D,lucan_valerius,4,i13,6.0
P05,V,adrianne_avenicci,1,i14,1.0
P05,N,arcadia,2,i14,7.0
P05,A,belethor,3,i14,7.0
P05,D,lucan_valerius,4,i14,7.0
P05,V,adrianne_avenicci,1,i15,3.0
P05,N,arcadia,2,i15,6.0
P05,A,belethor,3,i15,6.0
P05,D,lucan_valerius,4,i15,4.0
P05,V,adrianne_avenicci,1,i16,2.0
P05,N,arcadia,2,i16,6.0
P05,A,belethor,3,i16,6.0
P05,D,lucan_valerius,4,i16,6.0
P05,V,adrianne_avenicci,1,i17,4.0
P05,N,arcadia,2,i17,7.0
P05,A,belethor,3,i17,6.0
P05,D,lucan_valerius,4,i17,5.0
P06,N,arcadia,1,i01,7.0
P06,D,lucan_valerius,2,i01,7.0
P06,V,adrianne_avenicci,3,i01,1.0
P06,A,belethor,4,i01,7.0
P06,N,arcadia,1,i02,1.0
P06,D,lucan_valerius,2,i02,1.0
P06,V,adrianne_avenicci,3,i02,1.0
P06,A,belethor,4,i02,1.0
P06,N,arcadia,1,i03,7.0
P06,D,lucan_valerius,2,i03,7.0
P06,V,adrianne_avenicci,3,i03,1.0
P06,A,belethor,4,i03,7.0
P06,N,arcadia,1,i04,7.0
P06,D,lucan_valerius,2,i04,7.0
P06,V,adrianne_avenicci,3,i04,1.0
P06,A,belethor,4,i04,7.0
P06,N,arcadia,1,i05,5.0
P06,D,lucan_valerius,2,i05,7.0
P06,V,adrianne_avenicci,3,i05,1.0
P06,A,belethor,4,i05,7.0
P06,N,arcadia,1,i06,5.0
P06,D,lucan_valerius,2,i06,7.0
P06,V,adrianne_avenicci,3,i06,1.0
P06,A,belethor,4,i06,7.0
P06,N,arcadia,1,i07,7.0
P06,D,lucan_valerius,2,i07,7.0
P06,V,adrianne_avenicci,3,i07,1.0
P06,A,belethor,4,i07,7.0
P06,N,arcadia,1,i08,6.0
P06,D,lucan_valerius,2,i08,7.0
P06,V,adrianne_avenicci,3,i08,1.0
P06,A,belethor,4,i08,7.0
P06,N,arcadia,1,i09,5.0
P06,D,lucan_valerius,2,i09,7.0
P06,V,adrianne_avenicci,3,i09,1.0
P06,A,belethor,4,i09,7.0
P06,N,arcadia,1,i10,4.0
P06,D,lucan_valerius,2,i10,7.0
P06,V,adrianne_avenicci,3,i10,1.0
P06,A,belethor,4,i10,7.0
P06,N,arcadia,1,i11,5.0
P06,D,lucan_valerius,2,i11,7.0
P06,V,adrianne_avenicci,3,i11,1.0
P06,A,belethor,4,i11,7.0
P06,N,arcadia,1,i12,6.0
P06,D,lucan_valerius,2,i12,1.0
P06,V,adrianne_avenicci,3,i12,1.0
P06,A,belethor,4,i12,7.0
P06,N,arcadia,1,i13,1.0
P06,D,lucan_valerius,2,i13,6.0
P06,V,adrianne_avenicci,3,i13,2.0
P06,A,belethor,4,i13,1.0
P06,N,arcadia,1,i14,7.0
P06,D,lucan_valerius,2,i14,7.0
P06,V,adrianne_avenicci,3,i14,1.0
P06,A,belethor,4,i14,7.0
P06,N,arcadia,1,i15,7.0
P06,D,lucan_valerius,2,i15,7.0
P06,V,adrianne_avenicci,3,i15,2.0
P06,A,belethor,4,i15,7.0
P06,N,arcadia,1,i16,7.0
P06,D,lucan_valerius,2,i16,7.0
P06,V,adrianne_avenicci,3,i16,1.0
P06,A,belethor,4,i16,7.0
P06,N,arcadia,1,i17,7.0
P06,D,lucan_valerius,2,i17,7.0
P06,V,adrianne_avenicci,3,i17,3.0
P06,A,belethor,4,i17,7.0
P07,A,belethor,1,i01,6.0
P07,V,adrianne_avenicci,2,i01,3.0
P07,D,lucan_valerius,3,i01,6.0
P07,N,arcadia,4,i01,5.0
P07,A,belethor,1,i02,3.0
P07,V,adrianne_avenicci,2,i02,2.0
P07,D,lucan_valerius,3,i02,4.0
P07,N,arcadia,4,i02,2.0
P07,A,belethor,1,i03,7.0
P07,V,adrianne_avenicci,2,i03,1.0
P07,D,lucan_valerius,3,i03,7.0
P07,N,arcadia,4,i03,5.0
P07,A,belethor,1,i04,5.0
P07,V,adrianne_avenicci,2,i04,1.0
P07,D,lucan_valerius,3,i04,6.0
P07,N,arcadia,4,i04,6.0
P07,A,belethor,1,i05,7.0
P07,V,adrianne_avenicci,2,i05,1.0
P07,D,lucan_valerius,3,i05,7.0
P07,N,arcadia,4,i05,5.0
P07,A,belethor,1,i06,7.0
P07,V,adrianne_avenicci,2,i06,1.0
P07,D,lucan_valerius,3,i06,7.0
P07,N,arcadia,4,i06,6.0
P07,A,belethor,1,i07,5.0
P07,V,adrianne_avenicci,2,i07,1.0
P07,D,lucan_valerius,3,i07,6.0
P07,N,arcadia,4,i07,6.0
P07,A,belethor,1,i08,6.0
P07,V,adrianne_avenicci,2,i08,1.0
P07,D,lucan_valerius,3,i08,6.0
P07,N,arcadia,4,i08,5.0
P07,A,belethor,1,i09,7.0
P07,V,adrianne_avenicci,2,i09,1.0
P07,D,lucan_valerius,3,i09,7.0
P07,N,arcadia,4,i09,4.0
P07,A,belethor,1,i10,7.0
P07,V,adrianne_avenicci,2,i10,1.0
P07,D,lucan_valerius,3,i10,7.0
P07,N,arcadia,4,i10,4.0
P07,A,belethor,1,i11,7.0
P07,V,adrianne_avenicci,2,i11,1.0
P07,D,lucan_valerius,3,i11,7.0
P07,N,arcadia,4,i11,5.0
P07,A,belethor,1,i12,7.0
P07,V,adrianne_avenicci,2,i12,3.0
P07,D,lucan_valerius,3,i12,1.0
P07,N,arcadia,4,i12,5.0
P07,A,belethor,1,i13,1.0
P07,V,adrianne_avenicci,2,i13,1.0
P07,D,lucan_valerius,3,i13,6.0
P07,N,arcadia,4,i13,1.0
P07,A,belethor,1,i14,7.0
P07,V,adrianne_avenicci,2,i14,1.0
P07,D,lucan_valerius,3,i14,7.0
P07,N,arcadia,4,i14,7.0
P07,A,belethor,1,i15,5.0
P07,V,adrianne_avenicci,2,i15,1.0
P07,D,lucan_valerius,3,i15,6.0
P07,N,arcadia,4,i15,6.0
P07,A,belethor,1,i16,6.0
P07,V,adrianne_avenicci,2,i16,1.0
P07,D,lucan_valerius,3,i16,6.0
P07,N,arcadia,4,i16,6.0
P07,A,belethor,1,i17,6.0
P07,V,adrianne_avenicci,2,i17,1.0
P07,D,lucan_valerius,3,i17,6.0
P07,N,arcadia,4,i17,7.0
P08,D,lucan_valerius,1,i01,5.0
P08,A,belethor,2,i01,5.0
P08,N,arcadia,3,i01,5.0
P08,V,adrianne_avenicci,4,i01,1.0
P08,D,lucan_valerius,1,i02,3.0
P08,A,belethor,2,i02,4.0
P08,N,arcadia,3,i02,4.0
P08,V,adrianne_avenicci,4,i02,3.0
P08,D,lucan_valerius,1,i03,6.0
P08,A,belethor,2,i03,6.0
P08,N,arcadia,3,i03,6.0
P08,V,adrianne_avenicci,4,i03,1.0
P08,D,lucan_valerius,1,i04,5.0
P08,A,belethor,2,i04,5.0
P08,N,arcadia,3,i04,5.0
P08,V,adrianne_avenicci,4,i04,1.0
P08,D,lucan_valerius,1,i05,6.0
P08,A,belethor,2,i05,6.0
P08,N,arcadia,3,i05,4.0
P08,V,adrianne_avenicci,4,i05,1.0
P08,D,lucan_valerius,1,i06,6.0
P08,A,belethor,2,i06,7.0
P08,N,arcadia,3,i06,4.0
P08,V,adrianne_avenicci,4,i06,1.0
P08,D,lucan_valerius,1,i07,6.0
P08,A,belethor,2,i07,6.0
P08,N,arcadia,3,i07,4.0
P08,V,adrianne_avenicci,4,i07,1.0
P08,D,lucan_valerius,1,i08,5.0
P08,A,belethor,2,i08,5.0
P08,N,arcadia,3,i08,5.0
P08,V,adrianne_avenicci,4,i08,1.0
P08,D,lucan_valerius,1,i09,6.0
P08,A,belethor,2,i09,6.0
P08,N,arcadia,3,i09,4.0
P08,V,adrianne_avenicci,4,i09,1.0
P08,D,lucan_valerius,1,i10,5.0
P08,A,belethor,2,i10,5.0
P08,N,arcadia,3,i10,4.0
P08,V,adrianne_avenicci,4,i10,1.0
P08,D,lucan_valerius,1,i11,4.0
P08,A,belethor,2,i11,5.0
P08,N,arcadia,3,i11,4.0
P08,V,adrianne_avenicci,4,i11,1.0
P08,D,lucan_valerius,1,i12,2.0
P08,A,belethor,2,i12,6.0
P08,N,arcadia,3,i12,4.0
P08,V,adrianne_avenicci,4,i12,2.0
P08,D,lucan_valerius,1,i13,5.0
P08,A,belethor,2,i13,3.0
P08,N,arcadia,3,i13,2.0
P08,V,adrianne_avenicci,4,i13,1.0
P08,D,lucan_valerius,1,i14,5.0
P08,A,belethor,2,i14,6.0
P08,N,arcadia,3,i14,6.0
P08,V,adrianne_avenicci,4,i14,1.0
P08,D,lucan_valerius,1,i15,5.0
P08,A,belethor,2,i15,6.0
P08,N,arcadia,3,i15,5.0
P08,V,adrianne_avenicci,4,i15,2.0
P08,D,lucan_valerius,1,i16,5.0
P08,A,belethor,2,i16,5.0
P08,N,arcadia,3,i16,5.0
P08,V,adrianne_avenicci,4,i16,1.0
P08,D,lucan_valerius,1,i17,6.0
P08,A,belethor,2,i17,6.0
P08,N,arcadia,3,i17,6.0
P08,V,adrianne_avenicci,4,i17,2.0
P09,V,adrianne_avenicci,1,i01,2.0
P09,N,arcadia,2,i01,5.0
P09,A,belethor,3,i01,6.0
P09,D,lucan_valerius,4,i01,7.0
P09,V,adrianne_avenicci,1,i02,3.0
P09,N,arcadia,2,i02,1.0
P09,A,belethor,3,i02,2.0
P09,D,lucan_valerius,4,i02,2.0
P09,V,adrianne_avenicci,1,i03,1.0
P09,N,arcadia,2,i03,4.0
P09,A,belethor,3,i03,6.0
P09,D,lucan_valerius,4,i03,7.0
P09,V,adrianne_avenicci,1,i04,1.0
P09,N,arcadia,2,i04,5.0
P09,A,belethor,3,i04,6.0
P09,D,lucan_valerius,4,i04,7.0
P09,V,adrianne_avenicci,1,i05,1.0
P09,N,arcadia,2,i05,5.0
P09,A,belethor,3,i05,6.0
P09,D,lucan_valerius,4,i05,7.0
P09,V,adrianne_avenicci,1,i06,1.0
P09,N,arcadia,2,i06,5.0
P09,A,belethor,3,i06,6.0
P09,D,lucan_valerius,4,i06,7.0
P09,V,adrianne_avenicci,1,i07,1.0
P09,N,arcadia,2,i07,4.0
P09,A,belethor,3,i07,6.0
P09,D,lucan_valerius,4,i07,7.0
P09,V,adrianne_avenicci,1,i08,1.0
P09,N,arcadia,2,i08,6.0
P09,A,belethor,3,i08,6.0
P09,D,lucan_valerius,4,i08,7.0
P09,V,adrianne_avenicci,1,i09,1.0
P09,N,arcadia,2,i09,5.0
P09,A,belethor,3,i09,6.0
P09,D,lucan_valerius,4,i09,7.0
P09,V,adrianne_avenicci,1,i10,1.0
P09,N,arcadia,2,i10,4.0
P09,A,belethor,3,i10,7.0
P09,D,lucan_valerius,4,i10,7.0
P09,V,adrianne_avenicci,1,i11,2.0
P09,N,arcadia,2,i11,4.0
P09,A,belethor,3,i11,6.0
P09,D,lucan_valerius,4,i11,7.0
P09,V,adrianne_avenicci,1,i12,2.0
P09,N,arcadia,2,i12,6.0
P09,A,belethor,3,i12,6.0
P09,D,lucan_valerius,4,i12,1.0
P09,V,adrianne_avenicci,1,i13,1.0
P09,N,arcadia,2,i13,2.0
P09,A,belethor,3,i13,1.0
P09,D,lucan_valerius,4,i13,6.0
P09,V,adrianne_avenicci,1,i14,1.0
P09,N,arcadia,2,i14,6.0
P09,A,belethor,3,i14,6.0
P09,D,lucan_valerius,4,i14,7.0
P09,V,adrianne_avenicci,1,i15,1.0
P09,N,arcadia,2,i15,6.0
P09,A,belethor,3,i15,6.0
P09,D,lucan_valerius,4,i15,6.0
P09,V,adrianne_avenicci,1,i16,1.0
P09,N,arcadia,2,i16,5.0
P09,A,belethor,3,i16,6.0
P09,D,lucan_valerius,4,i16,5.0
P09,V,adrianne_avenicci,1,i17,3.0
P09,N,arcadia,2,i17,6.0
P09,A,belethor,3,i17,6.0
P09,D,lucan_valerius,4,i17,6.0
P10,N,arcadia,1,i01,5.0
P10,D,lucan_valerius,2,i01,6.0
P10,V,adrianne_avenicci,3,i01,1.0
P10,A,belethor,4,i01,7.0
P10,N,arcadia,1,i02,2.0
P10,D,lucan_valerius,2,i02,2.0
P10,V,adrianne_avenicci,3,i02,1.0
P10,A,belethor,4,i02,2.0
P10,N,arcadia,1,i03,5.0
P10,D,lucan_valerius,2,i03,6.0
P10,V,adrianne_avenicci,3,i03,1.0
P10,A,belethor,4,i03,7.0
P10,N,arcadia,1,i04,5.0
P10,D,lucan_valerius,2,i04,6.0
P10,V,adrianne_avenicci,3,i04,1.0
P10,A,belethor,4,i04,6.0
P10,N,arcadia,1,i05,4.0
P10,D,lucan_valerius,2,i05,6.0
P10,V,adrianne_avenicci,3,i05,1.0
P10,A,belethor,4,i05,6.0
P10,N,arcadia,1,i06,6.0
P10,D,lucan_valerius,2,i06,6.0
P10,V,adrianne_avenicci,3,i06,1.0
P10,A,belethor,4,i06,7.0
P10,N,arcadia,1,i07,5.0
P10,D,lucan_valerius,2,i07,6.0
P10,V,adrianne_avenicci,3,i07,1.0
P10,A,belethor,4,i07,6.0
P10,N,arcadia,1,i08,6.0
P10,D,lucan_valerius,2,i08,6.0
P10,V,adrianne_avenicci,3,i08,1.0
P10,A,belethor,4,i08,6.0
P10,N,arcadia,1,i09,4.0
P10,D,lucan_valerius,2,i09,6.0
P10,V,adrianne_avenicci,3,i09,1.0
P10,A,belethor,4,i09,6.0
P10,N,arcadia,1,i10,4.0
P10,D,lucan_valerius,2,i10,6.0
P10,V,adrianne_avenicci,3,i10,1.0
P10,A,belethor,4,i10,7.0
P10,N,arcadia,1,i11,4.0
P10,D,lucan_valerius,2,i11,7.0
P10,V,adrianne_avenicci,3,i11,1.0
P10,A,belethor,4,i11,7.0
P10,N,arcadia,1,i12,3.0
P10,D,lucan_valerius,2,i12,2.0
P10,V,adrianne_avenicci,3,i12,1.0
P10,A,belethor,4,i12,6.0
P10,N,arcadia,1,i13,1.0
P10,D,lucan_valerius,2,i13,6.0
P10,V,adrianne_avenicci,3,i13,1.0
P10,A,belethor,4,i13,1.0
P10,N,arcadia,1,i14,6.0
P10,D,lucan_valerius,2,i14,6.0
P10,V,adrianne_avenicci,3,i14,1.0
P10,A,belethor,4,i14,6.0
P10,N,arcadia,1,i15,6.0
P10,D,lucan_valerius,2,i15,6.0
P10,V,adrianne_avenicci,3,i15,1.0
P10,A,belethor,4,i15,6.0
P10,N,arcadia,1,i16,6.0
P10,D,lucan_valerius,2,i16,6.0
P10,V,adrianne_avenicci,3,i16,1.0
P10,A,belethor,4,i16,6.0
P10,N,arcadia,1,i17,6.0
P10,D,lucan_valerius,2,i17,6.0
P10,V,adrianne_avenicci,3,i17,1.0
P10,A,belethor,4,i17,7.0
P11,A,belethor,1,i01,5.0
P11,V,adrianne_avenicci,2,i01,3.0
P11,D,lucan_valerius,3,i01,6.0
P11,N,arcadia,4,i01,6.0
P11,A,belethor,1,i02,3.0
P11,V,adrianne_avenicci,2,i02,2.0
P11,D,lucan_valerius,3,i02,2.0
P11,N,arcadia,4,i02,1.0
P11,A,belethor,1,i03,6.0
P11,V,adrianne_avenicci,2,i03,1.0
P11,D,lucan_valerius,3,i03,7.0
P11,N,arcadia,4,i03,6.0
P11,A,belethor,1,i04,6.0
P11,V,adrianne_avenicci,2,i04,1.0
P11,D,lucan_valerius,3,i04,6.0
P11,N,arcadia,4,i04,6.0
P11,A,belethor,1,i05,7.0
P11,V,adrianne_avenicci,2,i05,1.0
P11,D,lucan_valerius,3,i05,7.0
P11,N,arcadia,4,i05,6.0
P11,A,belethor,1,i06,7.0
P11,V,adrianne_avenicci,2,i06,1.0
P11,D,lucan_valerius,3,i06,6.0
P11,N,arcadia,4,i06,6.0
P11,A,belethor,1,i07,6.0
P11,V,adrianne_avenicci,2,i07,1.0
P11,D,lucan_valerius,3,i07,6.0
P11,N,arcadia,4,i07,6.0
P11,A,belethor,1,i08,5.0
P11,V,adrianne_avenicci,2,i08,1.0
P11,D,lucan_valerius,3,i08,6.0
P11,N,arcadia,4,i08,6.0
P11,A,belethor,1,i09,6.0
P11,V,adrianne_avenicci,2,i09,1.0
P11,D,lucan_valerius,3,i09,6.0
P11,N,arcadia,4,i09,7.0
P11,A,belethor,1,i10,7.0
P11,V,adrianne_avenicci,2,i10,1.0
P11,D,lucan_valerius,3,i10,7.0
P11,N,arcadia,4,i10,7.0
P11,A,belethor,1,i11,6.0
P11,V,adrianne_avenicci,2,i11,1.0
P11,D,lucan_valerius,3,i11,6.0
P11,N,arcadia,4,i11,6.0
P11,A,belethor,1,i12,6.0
P11,V,adrianne_avenicci,2,i12,4.0
P11,D,lucan_valerius,3,i12,2.0
P11,N,arcadia,4,i12,5.0
P11,A,belethor,1,i13,1.0
P11,V,adrianne_avenicci,2,i13,1.0
P11,D,lucan_valerius,3,i13,6.0
P11,N,arcadia,4,i13,2.0
P11,A,belethor,1,i14,6.0
P11,V,adrianne_avenicci,2,i14,1.0
P11,D,lucan_valerius,3,i14,7.0
P11,N,arcadia,4,i14,6.0
P11,A,belethor,1,i15,5.0
P11,V,adrianne_avenicci,2,i15,2.0
P11,D,lucan_valerius,3,i15,6.0
P11,N,arcadia,4,i15,7.0
P11,A,belethor,1,i16,5.0
P11,V,adrianne_avenicci,2,i16,1.0
P11,D,lucan_valerius,3,i16,6.0
P11,N,arcadia,4,i16,6.0
P11,A,belethor,1,i17,6.0
P11,V,adrianne_avenicci,2,i17,3.0
P11,D,lucan_valerius,3,i17,6.0
P11,N,arcadia,4,i17,6.0
P12,D,lucan_valerius,1,i01,7.0
P12,A,belethor,2,i01,7.0
P12,N,arcadia,3,i01,6.0
P12,V,adrianne_avenicci,4,i01,2.0
P12,D,lucan_valerius,1,i02,1.0
P12,A,belethor,2,i02,1.0
P12,N,arcadia,3,i02,1.0
P12,V,adrianne_avenicci,4,i02,2.0
P12,D,lucan_valerius,1,i03,7.0
P12,A,belethor,2,i03,7.0
P12,N,arcadia,3,i03,6.0
P12,V,adrianne_avenicci,4,i03,2.0
P12,D,lucan_valerius,1,i04,7.0
P12,A,belethor,2,i04,7.0
P12,N,arcadia,3,i04,6.0
P12,V,adrianne_avenicci,4,i04,1.0
P12,D,lucan_valerius,1,i05,7.0
P12,A,belethor,2,i05,7.0
P12,N,arcadia,3,i05,6.0
P12,V,adrianne_avenicci,4,i05,1.0
P12,D,lucan_valerius,1,i06,7.0
P12,A,belethor,2,i06,7.0
P12,N,arcadia,3,i06,6.0
P12,V,adrianne_avenicci,4,i06,1.0
P12,D,lucan_valerius,1,i07,7.0
P12,A,belethor,2,i07,7.0
P12,N,arcadia,3,i07,6.0
P12,V,adrianne_avenicci,4,i07,1.0
P12,D,lucan_valerius,1,i08,7.0
P12,A,belethor,2,i08,7.0
P12,N,arcadia,3,i08,6.0
P12,V,adrianne_avenicci,4,i08,1.0
P12,D,lucan_valerius,1,i09,7.0
P12,A,belethor,2,i09,7.0
P12,N,arcadia,3,i09,6.0
P12,V,adrianne_avenicci,4,i09,1.0
P12,D,lucan_valerius,1,i10,7.0
P12,A,belethor,2,i10,7.0
P12,N,arcadia,3,i10,6.0
P12,V,adrianne_avenicci,4,i10,1.0
P12,D,lucan_valerius,1,i11,7.0
P12,A,belethor,2,i11,7.0
P12,N,arcadia,3,i11,6.0
P12,V,adrianne_avenicci,4,i11,1.0
P12,D,lucan_valerius,1,i12,2.0
P12,A,belethor,2,i12,6.0
P12,N,arcadia,3,i12,5.0
P12,V,adrianne_avenicci,4,i12,4.0
P12,D,lucan_valerius,1,i13,6.0
P12,A,belethor,2,i13,1.0
P12,N,arcadia,3,i13,1.0
P12,V,adrianne_avenicci,4,i13,2.0
P12,D,lucan_valerius,1,i14,7.0
P12,A,belethor,2,i14,7.0
P12,N,arcadia,3,i14,6.0
P12,V,adrianne_avenicci,4,i14,1.0
P12,D,lucan_valerius,1,i15,7.0
P12,A,belethor,2,i15,7.0
P12,N,arcadia,3,i15,6.0
P12,V,adrianne_avenicci,4,i15,1.0
P12,D,lucan_valerius,1,i16,7.0
P12,A,belethor,2,i16,7.0
P12,N,arcadia,3,i16,6.0
P12,V,adrianne_avenicci,4,i16,1.0
P12,D,lucan_valerius,1,i17,7.0
P12,A,belethor,2,i17,7.0
P12,N,arcadia,3,i17,7.0
P12,V,adrianne_avenicci,4,i17,3.0
P13,V,adrianne_avenicci,1,i01,4.0
P13,N,arcadia,2,i01,6.0
P13,A,belethor,3,i01,6.0
P13,D,lucan_valerius,4,i01,7.0
P13,V,adrianne_avenicci,1,i02,2.0
P13,N,arcadia,2,i02,1.0
P13,A,belethor,3,i02,1.0
P13,D,lucan_valerius,4,i02,1.0
P13,V,adrianne_avenicci,1,i03,1.0
P13,N,arcadia,2,i03,6.0
P13,A,belethor,3,i03,7.0
P13,D,lucan_valerius,4,i03,7.0
P13,V,adrianne_avenicci,1,i04,1.0
P13,N,arcadia,2,i04,5.0
P13,A,belethor,3,i04,6.0
P13,D,lucan_valerius,4,i04,7.0
P13,V,adrianne_avenicci,1,i05,1.0
P13,N,arcadia,2,i05,5.0
P13,A,belethor,3,i05,6.0
P13,D,lucan_valerius,4,i05,6.0
P13,V,adrianne_avenicci,1,i06,1.0
P13,N,arcadia,2,i06,5.0
P13,A,belethor,3,i06,7.0
P13,D,lucan_valerius,4,i06,7.0
P13,V,adrianne_avenicci,1,i07,1.0
P13,N,arcadia,2,i07,5.0
P13,A,belethor,3,i07,6.0
P13,D,lucan_valerius,4,i07,7.0
P13,V,adrianne_avenicci,1,i08,1.0
P13,N,arcadia,2,i08,6.0
P13,A,belethor,3,i08,6.0
P13,D,lucan_valerius,4,i08,6.0
P13,V,adrianne_avenicci,1,i09,1.0
P13,N,arcadia,2,i09,5.0
P13,A,belethor,3,i09,7.0
P13,D,lucan_valerius,4,i09,7.0
P13,V,adrianne_avenicci,1,i10,1.0
P13,N,arcadia,2,i10,5.0
P13,A,belethor,3,i10,7.0
P13,D,lucan_valerius,4,i10,7.0
P13,V,adrianne_avenicci,1,i11,2.0
P13,N,arcadia,2,i11,5.0
P13,A,belethor,3,i11,6.0
P13,D,lucan_valerius,4,i11,7.0
P13,V,adrianne_avenicci,1,i12,2.0
P13,N,arcadia,2,i12,4.0
P13,A,belethor,3,i12,6.0
P13,D,lucan_valerius,4,i12,2.0
P13,V,adrianne_avenicci,1,i13,1.0
P13,N,arcadia,2,i13,1.0
P13,A,belethor,3,i13,1.0
P13,D,lucan_valerius,4,i13,6.0
P13,V,adrianne_avenicci,1,i14,1.0
P13,N,arcadia,2,i14,6.0
P13,A,belethor,3,i14,6.0
P13,D,lucan_valerius,4,i14,7.0
P13,V,adrianne_avenicci,1,i15,3.0
P13,N,arcadia,2,i15,6.0
P13,A,belethor,3,i15,6.0
P13,D,lucan_valerius,4,i15,7.0
P13,V,adrianne_avenicci,1,i16,2.0
P13,N,arcadia,2,i16,6.0
P13,A,belethor,3,i16,6.0
P13,D,lucan_valerius,4,i16,7.0
P13,V,adrianne_avenicci,1,i17,3.0
P13,N,arcadia,2,i17,6.0
P13,A,belethor,3,i17,6.0
P13,D,lucan_valerius,4,i17,7.0
P14,N,arcadia,1,i01,6.0
P14,D,lucan_valerius,2,i01,6.0
P14,V,adrianne_avenicci,3,i01,2.0
P14,A,belethor,4,i01,6.0
P14,N,arcadia,1,i02,1.0
P14,D,lucan_valerius,2,i02,2.0
P14,V,adrianne_avenicci,3,i02,1.0
P14,A,belethor,4,i02,2.0
P14,N,arcadia,1,i03,5.0
P14,D,lucan_valerius,2,i03,6.0
P14,V,adrianne_avenicci,3,i03,1.0
P14,A,belethor,4,i03,6.0
P14,N,arcadia,1,i04,6.0
P14,D,lucan_valerius,2,i04,7.0
P14,V,adrianne_avenicci,3,i04,1.0
P14,A,belethor,4,i04,7.0
P14,N,arcadia,1,i05,4.0
P14,D,lucan_valerius,2,i05,7.0
P14,V,adrianne_avenicci,3,i05,1.0
P14,A,belethor,4,i05,7.0
P14,N,arcadia,1,i06,5.0
P14,D,lucan_valerius,2,i06,7.0
P14,V,adrianne_avenicci,3,i06,1.0
P14,A,belethor,4,i06,7.0
P14,N,arcadia,1,i07,5.0
P14,D,lucan_valerius,2,i07,6.0
P14,V,adrianne_avenicci,3,i07,1.0
P14,A,belethor,4,i07,6.0
P14,N,arcadia,1,i08,6.0
P14,D,lucan_valerius,2,i08,6.0
P14,V,adrianne_avenicci,3,i08,1.0
P14,A,belethor,4,i08,6.0
P14,N,arcadia,1,i09,5.0
P14,D,lucan_valerius,2,i09,7.0
P14,V,adrianne_avenicci,3,i09,1.0
P14,A,belethor,4,i09,7.0
P14,N,arcadia,1,i10,4.0
P14,D,lucan_valerius,2,i10,7.0
P14,V,adrianne_avenicci,3,i10,1.0
P14,A,belethor,4,i10,7.0
P14,N,arcadia,1,i11,4.0
P14,D,lucan_valerius,2,i11,7.0
P14,V,adrianne_avenicci,3,i11,1.0
P14,A,belethor,4,i11,7.0
P14,N,arcadia,1,i12,4.0
P14,D,lucan_valerius,2,i12,1.0
P14,V,adrianne_avenicci,3,i12,3.0
P14,A,belethor,4,i12,6.0
P14,N,arcadia,1,i13,1.0
P14,D,lucan_valerius,2,i13,6.0
P14,V,adrianne_avenicci,3,i13,1.0
P14,A,belethor,4,i13,1.0
P14,N,arcadia,1,i14,6.0
P14,D,lucan_valerius,2,i14,7.0
P14,V,adrianne_avenicci,3,i14,1.0
P14,A,belethor,4,i14,7.0
P14,N,arcadia,1,i15,5.0
P14,D,lucan_valerius,2,i15,6.0
P14,V,adrianne_avenicci,3,i15,2.0
P14,A,belethor,4,i15,6.0
P14,N,arcadia,1,i16,6.0
P14,D,lucan_valerius,2,i16,6.0
P14,V,adrianne_avenicci,3,i16,2.0
P14,A,belethor,4,i16,6.0
P14,N,arcadia,1,i17,6.0
P14,D,lucan_valerius,2,i17,6.0
P14,V,adrianne_avenicci,3,i17,2.0
P14,A,belethor,4,i17,6.0
P15,A,belethor,1,i01,6.0
P15,V,adrianne_avenicci,2,i01,2.0
P15,D,lucan_valerius,3,i01,6.0
P15,N,arcadia,4,i01,5.0
P15,A,belethor,1,i02,2.0
P15,V,adrianne_avenicci,2,i02,1.0
P15,D,lucan_valerius,3,i02,2.0
P15,N,arcadia,4,i02,1.0
P15,A,belethor,1,i03,6.0
P15,V,adrianne_avenicci,2,i03,1.0
P15,D,lucan_valerius,3,i03,6.0
P15,N,arcadia,4,i03,4.0
P15,A,belethor,1,i04,7.0
P15,V,adrianne_avenicci,2,i04,1.0
P15,D,lucan_valerius,3,i04,6.0
P15,N,arcadia,4,i04,6.0
P15,A,belethor,1,i05,6.0
P15,V,adrianne_avenicci,2,i05,1.0
P15,D,lucan_valerius,3,i05,7.0
P15,N,arcadia,4,i05,4.0
P15,A,belethor,1,i06,6.0
P15,V,adrianne_avenicci,2,i06,1.0
P15,D,lucan_valerius,3,i06,7.0
P15,N,arcadia,4,i06,5.0
P15,A,belethor,1,i07,6.0
P15,V,adrianne_avenicci,2,i07,1.0
P15,D,lucan_valerius,3,i07,6.0
P15,N,arcadia,4,i07,6.0
P15,A,belethor,1,i08,7.0
P15,V,adrianne_avenicci,2,i08,1.0
P15,D,lucan_valerius,3,i08,6.0
P15,N,arcadia,4,i08,6.0
P15,A,belethor,1,i09,6.0
P15,V,adrianne_avenicci,2,i09,1.0
P15,D,lucan_valerius,3,i09,6.0
P15,N,arcadia,4,i09,4.0
P15,A,belethor,1,i10,7.0
P15,V,adrianne_avenicci,2,i10,1.0
P15,D,lucan_valerius,3,i10,6.0
P15,N,arcadia,4,i10,4.0
P15,A,belethor,1,i11,6.0
P15,V,adrianne_avenicci,2,i11,2.0
P15,D,lucan_valerius,3,i11,7.0
P15,N,arcadia,4,i11,5.0
P15,A,belethor,1,i12,6.0
P15,V,adrianne_avenicci,2,i12,3.0
P15,D,lucan_valerius,3,i12,1.0
P15,N,arcadia,4,i12,7.0
P15,A,belethor,1,i13,1.0
P15,V,adrianne_avenicci,2,i13,1.0
P15,D,lucan_valerius,3,i13,6.0
P15,N,arcadia,4,i13,1.0
P15,A,belethor,1,i14,7.0
P15,V,adrianne_avenicci,2,i14,1.0
P15,D,lucan_valerius,3,i14,6.0
P15,N,arcadia,4,i14,6.0
P15,A,belethor,1,i15,6.0
P15,V,adrianne_avenicci,2,i15,1.0
P15,D,lucan_valerius,3,i15,6.0
P15,N,arcadia,4,i15,5.0
P15,A,belethor,1,i16,6.0
P15,V,adrianne_avenicci,2,i16,2.0
P15,D,lucan_valerius,3,i16,6.0
P15,N,arcadia,4,i16,6.0
P15,A,belethor,1,i17,7.0
P15,V,adrianne_avenicci,2,i17,3.0
P15,D,lucan_valerius,3,i17,7.0
P15,N,arcadia,4,i17,6.0
P16,D,lucan_valerius,1,i01,6.0
P16,A,belethor,2,i01,6.0
P16,N,arcadia,3,i01,7.0
P16,V,adrianne_avenicci,4,i01,3.0
P16,D,lucan_valerius,1,i02,2.0
P16,A,belethor,2,i02,2.0
P16,N,arcadia,3,i02,1.0
P16,V,adrianne_avenicci,4,i02,1.0
P16,D,lucan_valerius,1,i03,7.0
P16,A,belethor,2,i03,7.0
P16,N,arcadia,3,i03,7.0
P16,V,adrianne_avenicci,4,i03,2.0
P16,D,lucan_valerius,1,i04,6.0
P16,A,belethor,2,i04,7.0
P16,N,arcadia,3,i04,6.0
P16,V,adrianne_avenicci,4,i04,1.0
P16,D,lucan_valerius,1,i05,6.0
P16,A,belethor,2,i05,6.0
P16,N,arcadia,3,i05,7.0
P16,V,adrianne_avenicci,4,i05,1.0
P16,D,lucan_valerius,1,i06,6.0
P16,A,belethor,2,i06,6.0
P16,N,arcadia,3,i06,7.0
P16,V,adrianne_avenicci,4,i06,1.0
P16,D,lucan_valerius,1,i07,6.0
P16,A,belethor,2,i07,6.0
P16,N,arcadia,3,i07,7.0
P16,V,adrianne_avenicci,4,i07,1.0
P16,D,lucan_valerius,1,i08,6.0
P16,A,belethor,2,i08,6.0
P16,N,arcadia,3,i08,6.0
P16,V,adrianne_avenicci,4,i08,3.0
P16,D,lucan_valerius,1,i09,7.0
P16,A,belethor,2,i09,6.0
P16,N,arcadia,3,i09,4.0
P16,V,adrianne_avenicci,4,i09,1.0
P16,D,lucan_valerius,1,i10,7.0
P16,A,belethor,2,i10,6.0
P16,N,arcadia,3,i10,4.0
P16,V,adrianne_avenicci,4,i10,1.0
P16,D,lucan_valerius,1,i11,7.0
P16,A,belethor,2,i11,6.0
P16,N,arcadia,3,i11,5.0
P16,V,adrianne_avenicci,4,i11,1.0
P16,D,lucan_valerius,1,i12,2.0
P16,A,belethor,2,i12,7.0
P16,N,arcadia,3,i12,6.0
P16,V,adrianne_avenicci,4,i12,3.0
P16,D,lucan_valerius,1,i13,6.0
P16,A,belethor,2,i13,1.0
P16,N,arcadia,3,i13,1.0
P16,V,adrianne_avenicci,4,i13,1.0
P16,D,lucan_valerius,1,i14,7.0
P16,A,belethor,2,i14,7.0
P16,N,arcadia,3,i14,7.0
P16,V,adrianne_avenicci,4,i14,1.0
P16,D,lucan_valerius,1,i15,6.0
P16,A,belethor,2,i15,6.0
P16,N,arcadia,3,i15,7.0
P16,V,adrianne_avenicci,4,i15,3.0
P16,D,lucan_valerius,1,i16,6.0
P16,A,belethor,2,i16,6.0
P16,N,arcadia,3,i16,7.0
P16,V,adrianne_avenicci,4,i16,3.0
P16,D,lucan_valerius,1,i17,6.0
P16,A,belethor,2,i17,6.0
P16,N,arcadia,3,i17,7.0
P16,V,adrianne_avenicci,4,i17,4.0
P17,V,adrianne_avenicci,1,i01,5.0
P17,N,arcadia,2,i01,6.0
P17,A,belethor,3,i01,6.0
P17,D,lucan_valerius,4,i01,6.0
P17,V,adrianne_avenicci,1,i02,1.0
P17,N,arcadia,2,i02,1.0
P17,A,belethor,3,i02,1.0
P17,D,lucan_valerius,4,i02,2.0
P17,V,adrianne_avenicci,1,i03,4.0
P17,N,arcadia,2,i03,6.0
P17,A,belethor,3,i03,6.0
P17,D,lucan_valerius,4,i03,6.0
P17,V,adrianne_avenicci,1,i04,1.0
P17,N,arcadia,2,i04,6.0
P17,A,belethor,3,i04,5.0
P17,D,lucan_valerius,4,i04,6.0
P17,V,adrianne_avenicci,1,i05,1.0
P17,N,arcadia,2,i05,4.0
P17,A,belethor,3,i05,6.0
P17,D,lucan_valerius,4,i05,6.0
P17,V,adrianne_avenicci,1,i06,3.0
P17,N,arcadia,2,i06,6.0
P17,A,belethor,3,i06,6.0
P17,D,lucan_valerius,4,i06,6.0
P17,V,adrianne_avenicci,1,i07,3.0
P17,N,arcadia,2,i07,6.0
P17,A,belethor,3,i07,6.0
P17,D,lucan_valerius,4,i07,6.0
P17,V,adrianne_avenicci,1,i08,4.0
P17,N,arcadia,2,i08,6.0
P17,A,belethor,3,i08,6.0
P17,D,lucan_valerius,4,i08,6.0
P17,V,adrianne_avenicci,1,i09,3.0
P17,N,arcadia,2,i09,6.0
P17,A,belethor,3,i09,6.0
P17,D,lucan_valerius,4,i09,6.0
P17,V,adrianne_avenicci,1,i10,2.0
P17,N,arcadia,2,i10,6.0
P17,A,belethor,3,i10,6.0
P17,D,lucan_valerius,4,i10,6.0
P17,V,adrianne_avenicci,1,i11,4.0
P17,N,arcadia,2,i11,4.0
P17,A,belethor,3,i11,6.0
P17,D,lucan_valerius,4,i11,6.0
P17,V,adrianne_avenicci,1,i12,1.0
P17,N,arcadia,2,i12,4.0
P17,A,belethor,3,i12,6.0
P17,D,lucan_valerius,4,i12,1.0
P17,V,adrianne_avenicci,1,i13,1.0
P17,N,arcadia,2,i13,1.0
P17,A,belethor,3,i13,1.0
P17,D,lucan_valerius,4,i13,7.0
P17,V,adrianne_avenicci,1,i14,1.0
P17,N,arcadia,2,i14,7.0
P17,A,belethor,3,i14,7.0
P17,D,lucan_valerius,4,i14,7.0
P17,V,adrianne_avenicci,1,i15,5.0
P17,N,arcadia,2,i15,6.0
P17,A,belethor,3,i15,6.0
P17,D,lucan_valerius,4,i15,6.0
P17,V,adrianne_avenicci,1,i16,4.0
P17,N,arcadia,2,i16,6.0
P17,A,belethor,3,i16,6.0
P17,D,lucan_valerius,4,i16,6.0
P17,V,adrianne_avenicci,1,i17,5.0
P17,N,arcadia,2,i17,6.0
P17,A,belethor,3,i17,6.0
P17,D,lucan_valerius,4,i17,6.0
P18,N,arcadia,1,i01,6.0
P18,D,lucan_valerius,2,i01,6.0
P18,V,adrianne_avenicci,3,i01,2.0
P18,A,belethor,4,i01,6.0
P18,N,arcadia,1,i02,2.0
P18,D,lucan_valerius,2,i02,3.0
P18,V,adrianne_avenicci,3,i02,1.0
P18,A,belethor,4,i02,2.0
P18,N,arcadia,1,i03,6.0
P18,D,lucan_valerius,2,i03,6.0
P18,V,adrianne_avenicci,3,i03,1.0
P18,A,belethor,4,i03,6.0
P18,N,arcadia,1,i04,5.0
P18,D,lucan_valerius,2,i04,6.0
P18,V,adrianne_avenicci,3,i04,1.0
P18,A,belethor,4,i04,6.0
P18,N,arcadia,1,i05,5.0
P18,D,lucan_valerius,2,i05,6.0
P18,V,adrianne_avenicci,3,i05,1.0
P18,A,belethor,4,i05,6.0
P18,N,arcadia,1,i06,5.0
P18,D,lucan_valerius,2,i06,6.0
P18,V,adrianne_avenicci,3,i06,1.0
P18,A,belethor,4,i06,6.0
P18,N,arcadia,1,i07,5.0
P18,D,lucan_valerius,2,i07,6.0
P18,V,adrianne_avenicci,3,i07,1.0
P18,A,belethor,4,i07,6.0
P18,N,arcadia,1,i08,6.0
P18,D,lucan_valerius,2,i08,6.0
P18,V,adrianne_avenicci,3,i08,1.0
P18,A,belethor,4,i08,6.0
P18,N,arcadia,1,i09,4.0
P18,D,lucan_valerius,2,i09,6.0
P18,V,adrianne_avenicci,3,i09,1.0
P18,A,belethor,4,i09,6.0
P18,N,arcadia,1,i10,4.0
P18,D,lucan_valerius,2,i10,7.0
P18,V,adrianne_avenicci,3,i10,1.0
P18,A,belethor,4,i10,7.0
P18,N,arcadia,1,i11,5.0
P18,D,lucan_valerius,2,i11,7.0
P18,V,adrianne_avenicci,3,i11,1.0
P18,A,belethor,4,i11,7.0
P18,N,arcadia,1,i12,3.0
P18,D,lucan_valerius,2,i12,1.0
P18,V,adrianne_avenicci,3,i12,3.0
P18,A,belethor,4,i12,7.0
P18,N,arcadia,1,i13,1.0
P18,D,lucan_valerius,2,i13,7.0
P18,V,adrianne_avenicci,3,i13,2.0
P18,A,belethor,4,i13,1.0
P18,N,arcadia,1,i14,6.0
P18,D,lucan_valerius,2,i14,6.0
P18,V,adrianne_avenicci,3,i14,1.0
P18,A,belethor,4,i14,7.0
P18,N,arcadia,1,i15,6.0
P18,D,lucan_valerius,2,i15,6.0
P18,V,adrianne_avenicci,3,i15,2.0
P18,A,belethor,4,i15,6.0
P18,N,arcadia,1,i16,6.0
P18,D,lucan_valerius,2,i16,6.0
P18,V,adrianne_avenicci,3,i16,3.0
P18,A,belethor,4,i16,6.0
P18,N,arcadia,1,i17,7.0
P18,D,lucan_valerius,2,i17,7.0
P18,V,adrianne_avenicci,3,i17,3.0
P18,A,belethor,4,i17,7.0
P19,A,belethor,1,i01,6.0
P19,V,adrianne_avenicci,2,i01,3.0
P19,D,lucan_valerius,3,i01,6.0
P19,N,arcadia,4,i01,6.0
P19,A,belethor,1,i02,1.0
P19,V,adrianne_avenicci,2,i02,2.0
P19,D,lucan_valerius,3,i02,2.0
P19,N,arcadia,4,i02,2.0
P19,A,belethor,1,i03,6.0
P19,V,adrianne_avenicci,2,i03,1.0
P19,D,lucan_valerius,3,i03,7.0
P19,N,arcadia,4,i03,6.0
P19,A,belethor,1,i04,7.0
P19,V,adrianne_avenicci,2,i04,1.0
P19,D,lucan_valerius,3,i04,7.0
P19,N,arcadia,4,i04,6.0
P19,A,belethor,1,i05,7.0
P19,V,adrianne_avenicci,2,i05,1.0
P19,D,lucan_valerius,3,i05,7.0
P19,N,arcadia,4,i05,5.0
P19,A,belethor,1,i06,7.0
P19,V,adrianne_avenicci,2,i06,1.0
P19,D,lucan_valerius,3,i06,7.0
P19,N,arcadia,4,i06,5.0
P19,A,belethor,1,i07,6.0
P19,V,adrianne_avenicci,2,i07,1.0
P19,D,lucan_valerius,3,i07,6.0
P19,N,arcadia,4,i07,5.0
P19,A,belethor,1,i08,7.0
P19,V,adrianne_avenicci,2,i08,1.0
P19,D,lucan_valerius,3,i08,6.0
P19,N,arcadia,4,i08,5.0
P19,A,belethor,1,i09,7.0
P19,V,adrianne_avenicci,2,i09,1.0
P19,D,lucan_valerius,3,i09,7.0
P19,N,arcadia,4,i09,5.0
P19,A,belethor,1,i10,7.0
P19,V,adrianne_avenicci,2,i10,1.0
P19,D,lucan_valerius,3,i10,7.0
P19,N,arcadia,4,i10,4.0
P19,A,belethor,1,i11,6.0
P19,V,adrianne_avenicci,2,i11,2.0
P19,D,lucan_valerius,3,i11,7.0
P19,N,arcadia,4,i11,5.0
P19,A,belethor,1,i12,7.0
P19,V,adrianne_avenicci,2,i12,3.0
P19,D,lucan_valerius,3,i12,1.0
P19,N,arcadia,4,i12,3.0
P19,A,belethor,1,i13,1.0
P19,V,adrianne_avenicci,2,i13,1.0
P19,D,lucan_valerius,3,i13,7.0
P19,N,arcadia,4,i13,1.0
P19,A,belethor,1,i14,7.0
P19,V,adrianne_avenicci,2,i14,1.0
P19,D,lucan_valerius,3,i14,5.0
P19,N,arcadia,4,i14,6.0
P19,A,belethor,1,i15,7.0
P19,V,adrianne_avenicci,2,i15,3.0
P19,D,lucan_valerius,3,i15,6.0
P19,N,arcadia,4,i15,6.0
P19,A,belethor,1,i16,6.0
P19,V,adrianne_avenicci,2,i16,2.0
P19,D,lucan_valerius,3,i16,6.0
P19,N,arcadia,4,i16,7.0
P19,A,belethor,1,i17,7.0
P19,V,adrianne_avenicci,2,i17,3.0
P19,D,lucan_valerius,3,i17,6.0
P19,N,arcadia,4,i17,6.0
P20,D,lucan_valerius,1,i01,7.0
P20,A,belethor,2,i01,7.0
P20,N,arcadia,3,i01,6.0
P20,V,adrianne_avenicci,4,i01,2.0
P20,D,lucan_valerius,1,i02,1.0
P20,A,belethor,2,i02,1.0
P20,N,arcadia,3,i02,1.0
P20,V,adrianne_avenicci,4,i02,2.0
P20,D,lucan_valerius,1,i03,7.0
P20,A,belethor,2,i03,7.0
P20,N,arcadia,3,i03,6.0
P20,V,adrianne_avenicci,4,i03,2.0
P20,D,lucan_valerius,1,i04,7.0
P20,A,belethor,2,i04,7.0
P20,N,arcadia,3,i04,6.0
P20,V,adrianne_avenicci,4,i04,1.0
P20,D,lucan_valerius,1,i05,7.0
P20,A,belethor,2,i05,7.0
P20,N,arcadia,3,i05,7.0
P20,V,adrianne_avenicci,4,i05,1.0
P20,D,lucan_valerius,1,i06,6.0
P20,A,belethor,2,i06,7.0
P20,N,arcadia,3,i06,6.0
P20,V,adrianne_avenicci,4,i06,1.0
P20,D,lucan_valerius,1,i07,7.0
P20,A,belethor,2,i07,7.0
P20,N,arcadia,3,i07,6.0
P20,V,adrianne_avenicci,4,i07,1.0
P20,D,lucan_valerius,1,i08,7.0
P20,A,belethor,2,i08,7.0
P20,N,arcadia,3,i08,6.0
P20,V,adrianne_avenicci,4,i08,1.0
P20,D,lucan_valerius,1,i09,7.0
P20,A,belethor,2,i09,6.0
P20,N,arcadia,3,i09,6.0
P20,V,adrianne_avenicci,4,i09,1.0
P20,D,lucan_valerius,1,i10,7.0
P20,A,belethor,2,i10,7.0
P20,N,arcadia,3,i10,6.0
P20,V,adrianne_avenicci,4,i10,1.0
P20,D,lucan_valerius,1,i11,7.0
P20,A,belethor,2,i11,7.0
P20,N,arcadia,3,i11,6.0
P20,V,adrianne_avenicci,4,i11,1.0
P20,D,lucan_valerius,1,i12,2.0
P20,A,belethor,2,i12,6.0
P20,N,arcadia,3,i12,5.0
P20,V,adrianne_avenicci,4,i12,4.0
P20,D,lucan_valerius,1,i13,6.0
P20,A,belethor,2,i13,1.0
P20,N,arcadia,3,i13,1.0
P20,V,adrianne_avenicci,4,i13,2.0
P20,D,lucan_valerius,1,i14,7.0
P20,A,belethor,2,i14,7.0
P20,N,arcadia,3,i14,6.0
P20,V,adrianne_avenicci,4,i14,1.0
P20,D,lucan_valerius,1,i15,7.0
P20,A,belethor,2,i15,7.0
P20,N,arcadia,3,i15,7.0
P20,V,adrianne_avenicci,4,i15,1.0
P20,D,lucan_valerius,1,i16,6.0
P20,A,belethor,2,i16,6.0
P20,N,arcadia,3,i16,6.0
P20,V,adrianne_avenicci,4,i16,1.0
P20,D,lucan_valerius,1,i17,7.0
P20,A,belethor,2,i17,7.0
P20,N,arcadia,3,i17,7.0
P20,V,adrianne_avenicci,4,i17,3.0
P21,V,adrianne_avenicci,1,i01,2.0
P21,N,arcadia,2,i01,6.0
P21,A,belethor,3,i01,6.0
P21,D,lucan_valerius,4,i01,6.0
P21,V,adrianne_avenicci,1,i02,2.0
P21,N,arcadia,2,i02,1.0
P21,A,belethor,3,i02,1.0
P21,D,lucan_valerius,4,i02,2.0
P21,V,adrianne_avenicci,1,i03,1.0
P21,N,arcadia,2,i03,6.0
P21,A,belethor,3,i03,6.0
P21,D,lucan_valerius,4,i03,6.0
P21,V,adrianne_avenicci,1,i04,1.0
P21,N,arcadia,2,i04,6.0
P21,A,belethor,3,i04,6.0
P21,D,lucan_valerius,4,i04,6.0
P21,V,adrianne_avenicci,1,i05,1.0
P21,N,arcadia,2,i05,6.0
P21,A,belethor,3,i05,6.0
P21,D,lucan_valerius,4,i05,6.0
P21,V,adrianne_avenicci,1,i06,1.0
P21,N,arcadia,2,i06,6.0
P21,A,belethor,3,i06,6.0
P21,D,lucan_valerius,4,i06,6.0
P21,V,adrianne_avenicci,1,i07,1.0
P21,N,arcadia,2,i07,6.0
P21,A,belethor,3,i07,6.0
P21,D,lucan_valerius,4,i07,6.0
P21,V,adrianne_avenicci,1,i08,1.0
P21,N,arcadia,2,i08,7.0
P21,A,belethor,3,i08,7.0
P21,D,lucan_valerius,4,i08,7.0
P21,V,adrianne_avenicci,1,i09,1.0
P21,N,arcadia,2,i09,7.0
P21,A,belethor,3,i09,7.0
P21,D,lucan_valerius,4,i09,7.0
P21,V,adrianne_avenicci,1,i10,1.0
P21,N,arcadia,2,i10,7.0
P21,A,belethor,3,i10,7.0
P21,D,lucan_valerius,4,i10,7.0
P21,V,adrianne_avenicci,1,i11,2.0
P21,N,arcadia,2,i11,5.0
P21,A,belethor,3,i11,7.0
P21,D,lucan_valerius,4,i11,7.0
P21,V,adrianne_avenicci,1,i12,2.0
P21,N,arcadia,2,i12,4.0
P21,A,belethor,3,i12,7.0
P21,D,lucan_valerius,4,i12,1.0
P21,V,adrianne_avenicci,1,i13,1.0
P21,N,arcadia,2,i13,1.0
P21,A,belethor,3,i13,1.0
P21,D,lucan_valerius,4,i13,7.0
P21,V,adrianne_avenicci,1,i14,1.0
P21,N,arcadia,2,i14,6.0
P21,A,belethor,3,i14,7.0
P21,D,lucan_valerius,4,i14,7.0
P21,V,adrianne_avenicci,1,i15,2.0
P21,N,arcadia,2,i15,7.0
P21,A,belethor,3,i15,6.0
P21,D,lucan_valerius,4,i15,6.0
P21,V,adrianne_avenicci,1,i16,2.0
P21,N,arcadia,2,i16,6.0
P21,A,belethor,3,i16,6.0
P21,D,lucan_valerius,4,i16,6.0
P21,V,adrianne_avenicci,1,i17,2.0
P21,N,arcadia,2,i17,7.0
P21,A,belethor,3,i17,7.0
P21,D,lucan_valerius,4,i17,6.0
P22,N,arcadia,1,i01,6.0
P22,D,lucan_valerius,2,i01,5.0
P22,V,adrianne_avenicci,3,i01,3.0
P22,A,belethor,4,i01,5.0
P22,N,arcadia,1,i02,2.0
P22,D,lucan_valerius,2,i02,2.0
P22,V,adrianne_avenicci,3,i02,3.0
P22,A,belethor,4,i02,1.0
P22,N,arcadia,1,i03,6.0
P22,D,lucan_valerius,2,i03,6.0
P22,V,adrianne_avenicci,3,i03,1.0
P22,A,belethor,4,i03,6.0
P22,N,arcadia,1,i04,7.0
P22,D,lucan_valerius,2,i04,7.0
P22,V,adrianne_avenicci,3,i04,1.0
P22,A,belethor,4,i04,7.0
P22,N,arcadia,1,i05,5.0
P22,D,lucan_valerius,2,i05,6.0
P22,V,adrianne_avenicci,3,i05,1.0
P22,A,belethor,4,i05,6.0
P22,N,arcadia,1,i06,7.0
P22,D,lucan_valerius,2,i06,7.0
P22,V,adrianne_avenicci,3,i06,1.0
P22,A,belethor,4,i06,7.0
P22,N,arcadia,1,i07,7.0
P22,D,lucan_valerius,2,i07,6.0
P22,V,adrianne_avenicci,3,i07,1.0
P22,A,belethor,4,i07,6.0
P22,N,arcadia,1,i08,7.0
P22,D,lucan_valerius,2,i08,6.0
P22,V,adrianne_avenicci,3,i08,1.0
P22,A,belethor,4,i08,6.0
P22,N,arcadia,1,i09,4.0
P22,D,lucan_valerius,2,i09,6.0
P22,V,adrianne_avenicci,3,i09,1.0
P22,A,belethor,4,i09,6.0
P22,N,arcadia,1,i10,4.0
P22,D,lucan_valerius,2,i10,6.0
P22,V,adrianne_avenicci,3,i10,1.0
P22,A,belethor,4,i10,6.0
P22,N,arcadia,1,i11,6.0
P22,D,lucan_valerius,2,i11,6.0
P22,V,adrianne_avenicci,3,i11,1.0
P22,A,belethor,4,i11,6.0
P22,N,arcadia,1,i12,4.0
P22,D,lucan_valerius,2,i12,1.0
P22,V,adrianne_avenicci,3,i12,2.0
P22,A,belethor,4,i12,7.0
P22,N,arcadia,1,i13,1.0
P22,D,lucan_valerius,2,i13,7.0
P22,V,adrianne_avenicci,3,i13,1.0
P22,A,belethor,4,i13,1.0
P22,N,arcadia,1,i14,7.0
P22,D,lucan_valerius,2,i14,7.0
P22,V,adrianne_avenicci,3,i14,1.0
P22,A,belethor,4,i14,7.0
P22,N,arcadia,1,i15,7.0
P22,D,lucan_valerius,2,i15,6.0
P22,V,adrianne_avenicci,3,i15,3.0
P22,A,belethor,4,i15,6.0
P22,N,arcadia,1,i16,7.0
P22,D,lucan_valerius,2,i16,6.0
P22,V,adrianne_avenicci,3,i16,2.0
P22,A,belethor,4,i16,6.0
P22,N,arcadia,1,i17,7.0
P22,D,lucan_valerius,2,i17,6.0
P22,V,adrianne_avenicci,3,i17,2.0
P22,A,belethor,4,i17,6.0
P23,A,belethor,1,i01,6.0
P23,V,adrianne_avenicci,2,i01,6.0
P23,D,lucan_valerius,3,i01,2.0
P23,N,arcadia,4,i01,6.0
P23,A,belethor,1,i02,1.0
P23,V,adrianne_avenicci,2,i02,1.0
P23,D,lucan_valerius,3,i02,4.0
P23,N,arcadia,4,i02,1.0
P23,A,belethor,1,i03,6.0
P23,V,adrianne_avenicci,2,i03,1.0
P23,D,lucan_valerius,3,i03,6.0
P23,N,arcadia,4,i03,6.0
P23,A,belethor,1,i04,7.0
P23,V,adrianne_avenicci,2,i04,1.0
P23,D,lucan_valerius,3,i04,5.0
P23,N,arcadia,4,i04,6.0
P23,A,belethor,1,i05,7.0
P23,V,adrianne_avenicci,2,i05,1.0
P23,D,lucan_valerius,3,i05,7.0
P23,N,arcadia,4,i05,4.0
P23,A,belethor,1,i06,7.0
P23,V,adrianne_avenicci,2,i06,1.0
P23,D,lucan_valerius,3,i06,7.0
P23,N,arcadia,4,i06,6.0
P23,A,belethor,1,i07,6.0
P23,V,adrianne_avenicci,2,i07,2.0
P23,D,lucan_valerius,3,i07,6.0
P23,N,arcadia,4,i07,6.0
P23,A,belethor,1,i08,6.0
P23,V,adrianne_avenicci,2,i08,1.0
P23,D,lucan_valerius,3,i08,6.0
P23,N,arcadia,4,i08,6.0
P23,A,belethor,1,i09,7.0
P23,V,adrianne_avenicci,2,i09,1.0
P23,D,lucan_valerius,3,i09,7.0
P23,N,arcadia,4,i09,5.0
P23,A,belethor,1,i10,7.0
P23,V,adrianne_avenicci,2,i10,1.0
P23,D,lucan_valerius,3,i10,7.0
P23,N,arcadia,4,i10,5.0
P23,A,belethor,1,i11,6.0
P23,V,adrianne_avenicci,2,i11,1.0
P23,D,lucan_valerius,3,i11,6.0
P23,N,arcadia,4,i11,5.0
P23,A,belethor,1,i12,7.0
P23,V,adrianne_avenicci,2,i12,2.0
P23,D,lucan_valerius,3,i12,1.0
P23,N,arcadia,4,i12,4.0
P23,A,belethor,1,i13,1.0
P23,V,adrianne_avenicci,2,i13,1.0
P23,D,lucan_valerius,3,i13,7.0
P23,N,arcadia,4,i13,1.0
P23,A,belethor,1,i14,6.0
P23,V,adrianne_avenicci,2,i14,1.0
P23,D,lucan_valerius,3,i14,6.0
P23,N,arcadia,4,i14,6.0
P23,A,belethor,1,i15,5.0
P23,V,adrianne_avenicci,2,i15,1.0
P23,D,lucan_valerius,3,i15,5.0
P23,N,arcadia,4,i15,6.0
P23,A,belethor,1,i16,6.0
P23,V,adrianne_avenicci,2,i16,2.0
P23,D,lucan_valerius,3,i16,5.0
P23,N,arcadia,4,i16,6.0
P23,A,belethor,1,i17,6.0
P23,V,adrianne_avenicci,2,i17,3.0
P23,D,lucan_valerius,3,i17,5.0
P23,N,arcadia,4,i17,6.0
P24,D,lucan_valerius,1,i01,6.0
P24,A,belethor,2,i01,6.0
P24,N,arcadia,3,i01,6.0
P24,V,adrianne_avenicci,4,i01,2.0
P24,D,lucan_valerius,1,i02,2.0
P24,A,belethor,2,i02,1.0
P24,N,arcadia,3,i02,2.0
P24,V,adrianne_avenicci,4,i02,2.0
P24,D,lucan_valerius,1,i03,6.0
P24,A,belethor,2,i03,6.0
P24,N,arcadia,3,i03,6.0
P24,V,adrianne_avenicci,4,i03,2.0
P24,D,lucan_valerius,1,i04,5.0
P24,A,belethor,2,i04,6.0
P24,N,arcadia,3,i04,6.0
P24,V,adrianne_avenicci,4,i04,2.0
P24,D,lucan_valerius,1,i05,6.0
P24,A,belethor,2,i05,6.0
P24,N,arcadia,3,i05,6.0
P24,V,adrianne_avenicci,4,i05,2.0
P24,D,lucan_valerius,1,i06,6.0
P24,A,belethor,2,i06,6.0
P24,N,arcadia,3,i06,6.0
P24,V,adrianne_avenicci,4,i06,2.0
P24,D,lucan_valerius,1,i07,5.0
P24,A,belethor,2,i07,6.0
P24,N,arcadia,3,i07,6.0
P24,V,adrianne_avenicci,4,i07,2.0
P24,D,lucan_valerius,1,i08,6.0
P24,A,belethor,2,i08,6.0
P24,N,arcadia,3,i08,6.0
P24,V,adrianne_avenicci,4,i08,2.0
P24,D,lucan_valerius,1,i09,7.0
P24,A,belethor,2,i09,7.0
P24,N,arcadia,3,i09,6.0
P24,V,adrianne_avenicci,4,i09,2.0
P24,D,lucan_valerius,1,i10,7.0
P24,A,belethor,2,i10,7.0
P24,N,arcadia,3,i10,6.0
P24,V,adrianne_avenicci,4,i10,1.0
P24,D,lucan_valerius,1,i11,6.0
P24,A,belethor,2,i11,7.0
P24,N,arcadia,3,i11,6.0
P24,V,adrianne_avenicci,4,i11,1.0
P24,D,lucan_valerius,1,i12,1.0
P24,A,belethor,2,i12,6.0
P24,N,arcadia,3,i12,6.0
P24,V,adrianne_avenicci,4,i12,1.0
P24,D,lucan_valerius,1,i13,6.0
P24,A,belethor,2,i13,1.0
P24,N,arcadia,3,i13,2.0
P24,V,adrianne_avenicci,4,i13,1.0
P24,D,lucan_valerius,1,i14,6.0
P24,A,belethor,2,i14,6.0
P24,N,arcadia,3,i14,6.0
P24,V,adrianne_avenicci,4,i14,1.0
P24,D,lucan_valerius,1,i15,6.0
P24,A,belethor,2,i15,6.0
P24,N,arcadia,3,i15,6.0
P24,V,adrianne_avenicci,4,i15,2.0
P24,D,lucan_valerius,1,i16,6.0
P24,A,belethor,2,i16,6.0
P24,N,arcadia,3,i16,6.0
P24,V,adrianne_avenicci,4,i16,3.0
P24,D,lucan_valerius,1,i17,6.0
P24,A,belethor,2,i17,6.0
P24,N,arcadia,3,i17,6.0
P24,V,adrianne_avenicci,4,i17,3.0
P25,V,adrianne_avenicci,1,i01,4.0
P25,N,arcadia,2,i01,6.0
P25,A,belethor,3,i01,6.0
P25,D,lucan_valerius,4,i01,7.0
P25,V,adrianne_avenicci,1,i02,3.0
P25,N,arcadia,2,i02,2.0
P25,A,belethor,3,i02,2.0
P25,D,lucan_valerius,4,i02,1.0
P25,V,adrianne_avenicci,1,i03,1.0
P25,N,arcadia,2,i03,6.0
P25,A,belethor,3,i03,7.0
P25,D,lucan_valerius,4,i03,7.0
P25,V,adrianne_avenicci,1,i04,2.0
P25,N,arcadia,2,i04,5.0
P25,A,belethor,3,i04,6.0
P25,D,lucan_valerius,4,i04,7.0
P25,V,adrianne_avenicci,1,i05,2.0
P25,N,arcadia,2,i05,5.0
P25,A,belethor,3,i05,6.0
P25,D,lucan_valerius,4,i05,6.0
P25,V,adrianne_avenicci,1,i06,2.0
P25,N,arcadia,2,i06,5.0
P25,A,belethor,3,i06,7.0
P25,D,lucan_valerius,4,i06,7.0
P25,V,adrianne_avenicci,1,i07,1.0
P25,N,arcadia,2,i07,6.0
P25,A,belethor,3,i07,6.0
P25,D,lucan_valerius,4,i07,7.0
P25,V,adrianne_avenicci,1,i08,1.0
P25,N,arcadia,2,i08,6.0
P25,A,belethor,3,i08,6.0
P25,D,lucan_valerius,4,i08,6.0
P25,V,adrianne_avenicci,1,i09,1.0
P25,N,arcadia,2,i09,5.0
P25,A,belethor,3,i09,7.0
P25,D,lucan_valerius,4,i09,7.0
P25,V,adrianne_avenicci,1,i10,1.0
P25,N,arcadia,2,i10,5.0
P25,A,belethor,3,i10,6.0
P25,D,lucan_valerius,4,i10,7.0
P25,V,adrianne_avenicci,1,i11,2.0
P25,N,arcadia,2,i11,5.0
P25,A,belethor,3,i11,6.0
P25,D,lucan_valerius,4,i11,7.0
P25,V,adrianne_avenicci,1,i12,2.0
P25,N,arcadia,2,i12,4.0
P25,A,belethor,3,i12,6.0
P25,D,lucan_valerius,4,i12,1.0
P25,V,adrianne_avenicci,1,i13,1.0
P25,N,arcadia,2,i13,1.0
P25,A,belethor,3,i13,1.0
P25,D,lucan_valerius,4,i13,6.0
P25,V,adrianne_avenicci,1,i14,1.0
P25,N,arcadia,2,i14,7.0
P25,A,belethor,3,i14,7.0
P25,D,lucan_valerius,4,i14,7.0
P25,V,adrianne_avenicci,1,i15,3.0
P25,N,arcadia,2,i15,6.0
P25,A,belethor,3,i15,6.0
P25,D,lucan_valerius,4,i15,7.0
P25,V,adrianne_avenicci,1,i16,2.0
P25,N,arcadia,2,i16,6.0
P25,A,belethor,3,i16,7.0
P25,D,lucan_valerius,4,i16,7.0
P25,V,adrianne_avenicci,1,i17,3.0
P25,N,arcadia,2,i17,6.0
P25,A,belethor,3,i17,6.0
P25,D,lucan_valerius,4,i17,7.0
P26,N,arcadia,1,i01,5.0
P26,D,lucan_valerius,2,i01,6.0
P26,V,adrianne_avenicci,3,i01,1.0
P26,A,belethor,4,i01,7.0
P26,N,arcadia,1,i02,2.0
P26,D,lucan_valerius,2,i02,2.0
P26,V,adrianne_avenicci,3,i02,1.0
P26,A,belethor,4,i02,2.0
P26,N,arcadia,1,i03,6.0
P26,D,lucan_valerius,2,i03,6.0
P26,V,adrianne_avenicci,3,i03,1.0
P26,A,belethor,4,i03,7.0
P26,N,arcadia,1,i04,5.0
P26,D,lucan_valerius,2,i04,6.0
P26,V,adrianne_avenicci,3,i04,1.0
P26,A,belethor,4,i04,6.0
P26,N,arcadia,1,i05,5.0
P26,D,lucan_valerius,2,i05,7.0
P26,V,adrianne_avenicci,3,i05,2.0
P26,A,belethor,4,i05,7.0
P26,N,arcadia,1,i06,6.0
P26,D,lucan_valerius,2,i06,6.0
P26,V,adrianne_avenicci,3,i06,3.0
P26,A,belethor,4,i06,7.0
P26,N,arcadia,1,i07,5.0
P26,D,lucan_valerius,2,i07,6.0
P26,V,adrianne_avenicci,3,i07,2.0
P26,A,belethor,4,i07,6.0
P26,N,arcadia,1,i08,6.0
P26,D,lucan_valerius,2,i08,6.0
P26,V,adrianne_avenicci,3,i08,1.0
P26,A,belethor,4,i08,6.0
P26,N,arcadia,1,i09,5.0
P26,D,lucan_valerius,2,i09,6.0
P26,V,adrianne_avenicci,3,i09,1.0
P26,A,belethor,4,i09,6.0
P26,N,arcadia,1,i10,4.0
P26,D,lucan_valerius,2,i10,6.0
P26,V,adrianne_avenicci,3,i10,1.0
P26,A,belethor,4,i10,7.0
P26,N,arcadia,1,i11,5.0
P26,D,lucan_valerius,2,i11,7.0
P26,V,adrianne_avenicci,3,i11,1.0
P26,A,belethor,4,i11,7.0
P26,N,arcadia,1,i12,3.0
P26,D,lucan_valerius,2,i12,2.0
P26,V,adrianne_avenicci,3,i12,1.0
P26,A,belethor,4,i12,6.0
P26,N,arcadia,1,i13,1.0
P26,D,lucan_valerius,2,i13,7.0
P26,V,adrianne_avenicci,3,i13,1.0
P26,A,belethor,4,i13,1.0
P26,N,arcadia,1,i14,6.0
P26,D,lucan_valerius,2,i14,6.0
P26,V,adrianne_avenicci,3,i14,1.0
P26,A,belethor,4,i14,6.0
P26,N,arcadia,1,i15,6.0
P26,D,lucan_valerius,2,i15,6.0
P26,V,adrianne_avenicci,3,i15,1.0
P26,A,belethor,4,i15,7.0
P26,N,arcadia,1,i16,7.0
P26,D,lucan_valerius,2,i16,7.0
P26,V,adrianne_avenicci,3,i16,1.0
P26,A,belethor,4,i16,6.0
P26,N,arcadia,1,i17,6.0
P26,D,lucan_valerius,2,i17,6.0
P26,V,adrianne_avenicci,3,i17,1.0
P26,A,belethor,4,i17,7.0
P27,A,belethor,1,i01,6.0
P27,V,adrianne_avenicci,2,i01,3.0
P27,D,lucan_valerius,3,i01,6.0
P27,N,arcadia,4,i01,6.0
P27,A,belethor,1,i02,3.0
P27,V,adrianne_avenicci,2,i02,2.0
P27,D,lucan_valerius,3,i02,2.0
P27,N,arcadia,4,i02,1.0
P27,A,belethor,1,i03,6.0
P27,V,adrianne_avenicci,2,i03,1.0
P27,D,lucan_valerius,3,i03,7.0
P27,N,arcadia,4,i03,6.0
P27,A,belethor,1,i04,6.0
P27,V,adrianne_avenicci,2,i04,1.0
P27,D,lucan_valerius,3,i04,6.0
P27,N,arcadia,4,i04,6.0
P27,A,belethor,1,i05,7.0
P27,V,adrianne_avenicci,2,i05,2.0
P27,D,lucan_valerius,3,i05,7.0
P27,N,arcadia,4,i05,7.0
P27,A,belethor,1,i06,7.0
P27,V,adrianne_avenicci,2,i06,2.0
P27,D,lucan_valerius,3,i06,6.0
P27,N,arcadia,4,i06,6.0
P27,A,belethor,1,i07,6.0
P27,V,adrianne_avenicci,2,i07,2.0
P27,D,lucan_valerius,3,i07,7.0
P27,N,arcadia,4,i07,7.0
P27,A,belethor,1,i08,5.0
P27,V,adrianne_avenicci,2,i08,2.0
P27,D,lucan_valerius,3,i08,6.0
P27,N,arcadia,4,i08,6.0
P27,A,belethor,1,i09,6.0
P27,V,adrianne_avenicci,2,i09,1.0
P27,D,lucan_valerius,3,i09,6.0
P27,N,arcadia,4,i09,7.0
P27,A,belethor,1,i10,7.0
P27,V,adrianne_avenicci,2,i10,1.0
P27,D,lucan_valerius,3,i10,7.0
P27,N,arcadia,4,i10,7.0
P27,A,belethor,1,i11,6.0
P27,V,adrianne_avenicci,2,i11,1.0
P27,D,lucan_valerius,3,i11,6.0
P27,N,arcadia,4,i11,7.0
P27,A,belethor,1,i12,7.0
P27,V,adrianne_avenicci,2,i12,4.0
P27,D,lucan_valerius,3,i12,2.0
P27,N,arcadia,4,i12,5.0
P27,A,belethor,1,i13,1.0
P27,V,adrianne_avenicci,2,i13,1.0
P27,D,lucan_valerius,3,i13,6.0
P27,N,arcadia,4,i13,2.0
P27,A,belethor,1,i14,6.0
P27,V,adrianne_avenicci,2,i14,1.0
P27,D,lucan_valerius,3,i14,7.0
P27,N,arcadia,4,i14,6.0
P27,A,belethor,1,i15,5.0
P27,V,adrianne_avenicci,2,i15,2.0
P27,D,lucan_valerius,3,i15,6.0
P27,N,arcadia,4,i15,7.0
P27,A,belethor,1,i16,5.0
P27,V,adrianne_avenicci,2,i16,2.0
P27,D,lucan_valerius,3,i16,7.0
P27,N,arcadia,4,i16,6.0
P27,A,belethor,1,i17,6.0
P27,V,adrianne_avenicci,2,i17,3.0
P27,D,lucan_valerius,3,i17,6.0
P27,N,arcadia,4,i17,6.0
