partecipante,build,condizione,mercante,posizione,comportamento,relazione_sociale,intelligenza,emozione,memoria_percepita,direzione_relazione,collera_percepita,trattativa_percepita,credibilita,prezzo_pattuito,riserva,scarto_riserva,round,esito,price_modifier,relationship_stage
P01,1,V,adrianne_avenicci,1,6.0,3.0,1.0,1.0,1.0,1.0,1.0,1.0,2.0,50.0,,,0,deal,,
P01,1,N,arcadia,2,7.0,6.0,5.0,6.5,2.667,5.0,2.0,7.0,6.0,47.0,46.5,0.5,2,deal,0.9259,neutral
P01,1,A,belethor,3,5.5,7.0,7.0,6.5,6.333,7.0,3.0,7.0,6.333,48.0,42.5,5.5,2,deal,0.85,trusted_customer
P01,1,D,lucan_valerius,4,6.5,7.0,6.667,6.5,6.333,3.0,6.0,7.0,6.667,61.7,61.7,0.0,5,deal,1.2299,hostile
P02,2,V,adrianne_avenicci,3,5.0,1.0,1.0,1.0,1.0,1.0,1.0,1.0,2.0,50.0,,,0,deal,,
P02,2,N,arcadia,1,6.0,5.0,5.333,5.5,4.0,6.0,1.0,7.0,6.0,48.0,46.5,1.5,1,deal,0.9259,neutral
P02,2,A,belethor,4,6.0,7.0,7.0,6.5,7.0,7.0,1.0,7.0,6.333,44.0,42.5,1.5,1,deal,0.85,trusted_customer
P02,2,D,lucan_valerius,2,6.5,6.0,7.0,6.0,6.667,3.0,7.0,7.0,6.667,61.7,61.7,0.0,7,deal,1.2299,hostile
P03,3,V,adrianne_avenicci,2,4.0,1.0,1.0,1.0,1.0,1.0,1.0,1.0,1.0,50.0,,,0,deal,,
P03,3,N,arcadia,4,6.0,5.0,5.333,5.0,5.0,6.0,1.0,5.0,6.333,50.0,46.5,3.5,1,deal,0.9259,neutral
P03,3,A,belethor,1,7.0,7.0,7.0,7.0,7.0,7.0,1.0,7.0,7.0,44.0,42.5,1.5,1,deal,0.85,trusted_customer
P03,3,D,lucan_valerius,3,7.0,7.0,7.0,7.0,7.0,7.0,6.0,7.0,7.0,64.47,61.7,2.769999999999996,3,deal,1.2299,hostile
P04,4,V,adrianne_avenicci,4,4.5,1.0,1.0,1.0,1.0,1.0,1.0,1.0,1.0,50.0,,,0,deal,,
P04,4,N,arcadia,3,6.5,6.0,5.333,6.0,4.333,6.0,1.0,7.0,6.0,52.0,46.5,5.5,1,deal,0.9259,neutral
P04,4,A,belethor,2,6.0,7.0,6.667,5.5,6.667,6.0,2.0,7.0,6.0,51.0,42.5,8.5,1,deal,0.85,trusted_customer
P04,4,D,lucan_valerius,1,6.0,7.0,6.667,5.0,6.667,3.0,7.0,7.0,6.0,62.0,61.7,0.29999999999999716,1,deal,1.2299,hostile
P05,1,V,adrianne_avenicci,1,5.0,2.0,1.0,1.0,1.0,1.0,1.0,1.0,3.0,50.0,,,0,deal,,
P05,1,N,arcadia,2,6.5,5.0,5.333,6.5,4.667,6.0,1.0,7.0,6.333,50.0,46.5,3.5,1,deal,0.9259,neutral
P05,1,A,belethor,3,6.0,7.0,6.667,6.5,7.0,6.0,2.0,7.0,6.0,48.0,42.5,5.5,1,deal,0.85,trusted_customer
P05,1,D,lucan_valerius,4,4.0,7.0,5.667,5.0,6.667,1.0,6.0,7.0,5.0,64.0,61.7,2.299999999999997,11,deal,1.2299,hostile
P06,2,V,adrianne_avenicci,3,4.0,1.0,1.0,1.0,1.0,1.0,2.0,1.0,2.0,50.0,,,0,deal,,
P06,2,N,arcadia,1,7.0,7.0,5.667,6.5,4.667,6.0,1.0,7.0,7.0,48.0,46.5,1.5,3,deal,0.9259,neutral
P06,2,A,belethor,4,7.0,7.0,7.0,7.0,7.0,7.0,1.0,7.0,7.0,50.0,42.5,7.5,1,deal,0.85,trusted_customer
P06,2,D,lucan_valerius,2,7.0,7.0,7.0,7.0,7.0,1.0,6.0,7.0,7.0,62.0,61.7,0.29999999999999716,2,deal,1.2299,hostile
P07,3,V,adrianne_avenicci,2,4.5,1.0,1.0,1.0,1.0,3.0,1.0,1.0,1.0,50.0,,,0,deal,,
P07,3,N,arcadia,4,5.5,5.0,5.667,5.5,4.333,5.0,1.0,7.0,6.333,50.0,46.5,3.5,2,deal,0.9259,neutral
P07,3,A,belethor,1,5.5,7.0,6.333,5.5,7.0,7.0,1.0,7.0,5.667,42.72,42.5,0.21999999999999886,5,deal,0.85,trusted_customer
P07,3,D,lucan_valerius,3,5.0,7.0,6.667,6.0,7.0,1.0,6.0,7.0,6.0,62.0,61.7,0.29999999999999716,1,deal,1.2299,hostile
P08,4,V,adrianne_avenicci,4,3.0,1.0,1.0,1.0,1.0,2.0,1.0,1.0,1.667,50.0,,,0,deal,,
P08,4,N,arcadia,3,4.5,6.0,4.333,4.5,4.0,4.0,2.0,6.0,5.333,49.0,46.5,2.5,1,deal,0.9259,neutral
P08,4,A,belethor,2,4.5,6.0,6.0,5.5,5.333,6.0,3.0,6.0,5.667,44.0,42.5,1.5,1,deal,0.85,trusted_customer
P08,4,D,lucan_valerius,1,5.0,6.0,5.667,5.5,5.0,2.0,5.0,5.0,5.333,62.0,61.7,0.29999999999999716,3,deal,1.2299,hostile
P09,1,V,adrianne_avenicci,1,3.5,1.0,1.0,1.0,1.333,2.0,1.0,1.0,1.667,50.0,,,0,deal,,
P09,1,N,arcadia,2,6.0,4.0,5.0,5.0,4.333,6.0,2.0,6.0,5.667,47.0,46.5,0.5,3,deal,0.9259,neutral
P09,1,A,belethor,3,6.0,6.0,6.0,6.0,6.333,6.0,1.0,6.0,6.0,44.0,42.5,1.5,1,deal,0.85,trusted_customer
P09,1,D,lucan_valerius,4,6.5,7.0,7.0,7.0,7.0,1.0,6.0,7.0,5.667,,,,6,walkaway,,
P10,2,V,adrianne_avenicci,3,4.0,1.0,1.0,1.0,1.0,1.0,1.0,1.0,1.0,50.0,,,0,deal,,
P10,2,N,arcadia,1,5.5,5.0,5.0,5.5,4.0,3.0,1.0,6.0,6.0,51.0,46.5,4.5,2,deal,0.9259,neutral
P10,2,A,belethor,4,6.5,7.0,6.333,6.0,6.667,6.0,1.0,6.0,6.333,48.0,42.5,5.5,2,deal,0.85,trusted_customer
P10,2,D,lucan_valerius,2,6.0,6.0,6.0,6.0,6.333,2.0,6.0,6.0,6.0,61.7,61.7,0.0,5,deal,1.2299,hostile
P11,3,V,adrianne_avenicci,2,4.5,1.0,1.0,1.0,1.0,4.0,1.0,1.0,2.0,50.0,,,0,deal,,
P11,3,N,arcadia,4,6.5,6.0,6.0,6.0,6.667,5.0,2.0,6.0,6.333,48.0,46.5,1.5,3,deal,0.9259,neutral
P11,3,A,belethor,1,5.0,6.0,6.667,5.5,6.333,6.0,1.0,6.0,5.333,45.0,42.5,2.5,3,deal,0.85,trusted_customer
P11,3,D,lucan_valerius,3,6.0,7.0,6.333,6.0,6.333,2.0,6.0,7.0,6.0,62.0,61.7,0.29999999999999716,3,deal,1.2299,hostile
P12,4,V,adrianne_avenicci,4,4.0,2.0,1.0,1.0,1.0,4.0,2.0,1.0,1.667,50.0,,,0,deal,,
P12,4,N,arcadia,3,6.5,6.0,6.0,6.0,6.0,5.0,1.0,6.0,6.333,48.0,46.5,1.5,2,deal,0.9259,neutral
P12,4,A,belethor,2,7.0,7.0,7.0,7.0,7.0,6.0,1.0,7.0,7.0,47.5,42.5,5.0,1,deal,0.85,trusted_customer
P12,4,D,lucan_valerius,1,7.0,7.0,7.0,7.0,7.0,2.0,6.0,7.0,7.0,65.0,61.7,3.299999999999997,2,deal,1.2299,hostile
P13,1,V,adrianne_avenicci,1,5.0,1.0,1.0,1.0,1.333,2.0,1.0,1.0,2.667,50.0,,,0,deal,,
P13,1,N,arcadia,2,6.5,6.0,5.0,5.5,5.0,4.0,1.0,6.0,6.0,50.0,46.5,3.5,1,deal,0.9259,neutral
P13,1,A,belethor,3,6.5,7.0,6.333,6.0,6.667,6.0,1.0,6.0,6.0,48.0,42.5,5.5,1,deal,0.85,trusted_customer
P13,1,D,lucan_valerius,4,7.0,7.0,6.667,6.5,7.0,2.0,6.0,7.0,7.0,,,,6,walkaway,,
P14,2,V,adrianne_avenicci,3,4.5,1.0,1.0,1.0,1.0,3.0,1.0,1.0,2.0,50.0,,,0,deal,,
P14,2,N,arcadia,1,6.5,5.0,5.0,5.5,4.333,4.0,1.0,6.0,5.667,49.44,46.5,2.9399999999999977,4,deal,0.9259,neutral
P14,2,A,belethor,4,6.0,6.0,7.0,6.0,7.0,6.0,1.0,7.0,6.0,47.0,42.5,4.5,3,deal,0.85,trusted_customer
P14,2,D,lucan_valerius,2,6.0,6.0,7.0,6.0,7.0,1.0,6.0,7.0,6.0,63.0,61.7,1.2999999999999972,2,deal,1.2299,hostile
P15,3,V,adrianne_avenicci,2,4.5,1.0,1.0,1.0,1.333,3.0,1.0,1.0,2.0,50.0,,,0,deal,,
P15,3,N,arcadia,4,6.0,4.0,5.0,6.0,4.333,7.0,1.0,6.0,5.667,49.44,46.5,2.9399999999999977,4,deal,0.9259,neutral
P15,3,A,belethor,1,6.0,6.0,6.333,6.5,6.333,6.0,1.0,7.0,6.333,51.0,42.5,8.5,1,deal,0.85,trusted_customer
P15,3,D,lucan_valerius,3,6.0,6.0,6.667,6.0,6.333,1.0,6.0,6.0,6.333,,,,6,walkaway,,
P16,4,V,adrianne_avenicci,4,5.0,2.0,1.0,2.0,1.0,3.0,1.0,1.0,3.333,50.0,,,0,deal,,
P16,4,N,arcadia,3,7.0,7.0,6.667,6.5,4.333,6.0,1.0,7.0,7.0,48.0,46.5,1.5,2,deal,0.9259,neutral
P16,4,A,belethor,2,6.0,7.0,6.333,6.0,6.0,7.0,1.0,7.0,6.0,47.0,42.5,4.5,1,deal,0.85,trusted_customer
P16,4,D,lucan_valerius,1,6.0,7.0,6.0,6.0,7.0,2.0,6.0,7.0,6.0,62.0,61.7,0.29999999999999716,2,deal,1.2299,hostile
P17,1,V,adrianne_avenicci,1,6.0,4.0,1.667,3.5,3.0,1.0,1.0,1.0,4.667,50.0,,,0,deal,,
P17,1,N,arcadia,2,6.5,6.0,5.333,6.0,5.333,4.0,1.0,7.0,6.0,53.9,46.5,7.399999999999999,1,deal,0.9259,neutral
P17,1,A,belethor,3,6.5,6.0,5.667,6.0,6.0,6.0,1.0,7.0,6.0,49.0,42.5,6.5,2,deal,0.85,trusted_customer
P17,1,D,lucan_valerius,4,6.0,6.0,6.0,6.0,6.0,1.0,7.0,7.0,6.0,64.47,61.7,2.769999999999996,3,deal,1.2299,hostile
P18,2,V,adrianne_avenicci,3,4.5,1.0,1.0,1.0,1.0,3.0,2.0,1.0,2.667,50.0,,,0,deal,,
P18,2,N,arcadia,1,6.0,6.0,5.0,5.5,4.333,3.0,1.0,6.0,6.333,47.0,46.5,0.5,2,deal,0.9259,neutral
P18,2,A,belethor,4,6.0,6.0,6.0,6.0,6.667,7.0,1.0,7.0,6.333,44.0,42.5,1.5,1,deal,0.85,trusted_customer
P18,2,D,lucan_valerius,2,5.5,6.0,6.0,6.0,6.667,1.0,7.0,6.0,6.333,62.0,61.7,0.29999999999999716,4,deal,1.2299,hostile
P19,3,V,adrianne_avenicci,2,4.5,1.0,1.0,1.0,1.333,3.0,1.0,1.0,2.667,50.0,,,0,deal,,
P19,3,N,arcadia,4,6.0,6.0,5.333,5.0,4.667,3.0,1.0,6.0,6.333,46.78,46.5,0.28000000000000114,6,deal,0.9259,neutral
P19,3,A,belethor,1,6.5,6.0,7.0,6.5,6.667,7.0,1.0,7.0,6.667,43.0,42.5,0.5,3,deal,0.85,trusted_customer
P19,3,D,lucan_valerius,3,6.0,7.0,7.0,6.0,7.0,1.0,7.0,5.0,6.0,61.7,61.7,0.0,6,deal,1.2299,hostile
P20,4,V,adrianne_avenicci,4,4.0,2.0,1.0,1.0,1.0,4.0,2.0,1.0,1.667,50.0,,,0,deal,,
P20,4,N,arcadia,3,6.5,6.0,6.333,6.0,6.0,5.0,1.0,6.0,6.667,47.13,46.5,0.6300000000000026,5,deal,0.9259,neutral
P20,4,A,belethor,2,7.0,7.0,7.0,7.0,6.667,6.0,1.0,7.0,6.667,44.0,42.5,1.5,1,deal,0.85,trusted_customer
P20,4,D,lucan_valerius,1,7.0,7.0,6.667,7.0,7.0,2.0,6.0,7.0,6.667,63.0,61.7,1.2999999999999972,2,deal,1.2299,hostile
P21,1,V,adrianne_avenicci,1,4.0,1.0,1.0,1.0,1.333,2.0,1.0,1.0,2.0,50.0,,,0,deal,,
P21,1,N,arcadia,2,6.5,6.0,6.0,6.5,6.333,4.0,1.0,6.0,6.667,50.91,46.5,4.409999999999997,3,deal,0.9259,neutral
P21,1,A,belethor,3,6.5,6.0,6.0,6.5,7.0,7.0,1.0,7.0,6.333,47.0,42.5,4.5,3,deal,0.85,trusted_customer
P21,1,D,lucan_valerius,4,6.0,6.0,6.0,6.5,7.0,1.0,7.0,7.0,6.0,63.14,61.7,1.4399999999999977,4,deal,1.2299,hostile
P22,2,V,adrianne_avenicci,3,4.0,1.0,1.0,1.0,1.0,2.0,1.0,1.0,2.333,50.0,,,0,deal,,
P22,2,N,arcadia,1,6.0,6.0,6.333,7.0,4.667,4.0,1.0,7.0,7.0,50.0,46.5,3.5,1,deal,0.9259,neutral
P22,2,A,belethor,4,6.0,6.0,6.667,6.0,6.0,7.0,1.0,7.0,6.0,43.0,42.5,0.5,2,deal,0.85,trusted_customer
P22,2,D,lucan_valerius,2,5.5,6.0,6.667,6.0,6.0,1.0,7.0,7.0,6.0,61.7,61.7,0.0,5,deal,1.2299,hostile
P23,3,V,adrianne_avenicci,2,6.5,1.0,1.0,1.5,1.0,2.0,1.0,1.0,2.0,50.0,,,0,deal,,
P23,3,N,arcadia,4,6.5,6.0,5.333,6.0,5.0,4.0,1.0,6.0,6.0,48.0,46.5,1.5,2,deal,0.9259,neutral
P23,3,A,belethor,1,6.5,6.0,7.0,6.0,6.667,7.0,1.0,6.0,5.667,50.0,42.5,7.5,2,deal,0.85,trusted_customer
P23,3,D,lucan_valerius,3,3.0,6.0,6.333,6.0,6.667,1.0,7.0,6.0,5.0,62.0,61.7,0.29999999999999716,4,deal,1.2299,hostile
P24,4,V,adrianne_avenicci,4,4.0,2.0,2.0,2.0,1.333,1.0,1.0,1.0,2.667,50.0,,,0,deal,,
P24,4,N,arcadia,3,6.0,6.0,6.0,6.0,6.0,6.0,2.0,6.0,6.0,47.0,46.5,0.5,3,deal,0.9259,neutral
P24,4,A,belethor,2,6.5,6.0,6.0,6.0,7.0,6.0,1.0,6.0,6.0,44.0,42.5,1.5,1,deal,0.85,trusted_customer
P24,4,D,lucan_valerius,1,6.0,6.0,5.667,5.5,6.667,1.0,6.0,6.0,6.0,63.0,61.7,1.2999999999999972,3,deal,1.2299,hostile
P25,1,V,adrianne_avenicci,1,4.5,1.0,2.0,1.0,1.333,2.0,1.0,1.0,2.667,50.0,,,0,deal,,
P25,1,N,arcadia,2,6.0,6.0,5.0,6.0,5.0,4.0,1.0,7.0,6.0,50.0,46.5,3.5,2,deal,0.9259,neutral
P25,1,A,belethor,3,6.0,7.0,6.333,6.0,6.333,6.0,1.0,7.0,6.333,44.0,42.5,1.5,1,deal,0.85,trusted_customer
P25,1,D,lucan_valerius,4,7.0,7.0,6.667,6.5,7.0,1.0,6.0,7.0,7.0,,,,6,walkaway,,
P26,2,V,adrianne_avenicci,3,4.0,1.0,2.0,1.5,1.0,1.0,1.0,1.0,1.0,50.0,,,0,deal,,
P26,2,N,arcadia,1,5.5,6.0,5.333,5.5,4.667,3.0,1.0,6.0,6.333,51.0,46.5,4.5,2,deal,0.9259,neutral
P26,2,A,belethor,4,6.5,7.0,6.667,6.0,6.667,6.0,1.0,6.0,6.667,47.0,42.5,4.5,1,deal,0.85,trusted_customer
P26,2,D,lucan_valerius,2,6.0,6.0,6.333,6.0,6.333,2.0,7.0,6.0,6.333,61.7,61.7,0.0,5,deal,1.2299,hostile
P27,3,V,adrianne_avenicci,2,4.5,1.0,1.667,2.0,1.0,4.0,1.0,1.0,2.333,50.0,,,0,deal,,
P27,3,N,arcadia,4,6.5,6.0,6.333,6.5,7.0,5.0,2.0,6.0,6.333,50.0,46.5,3.5,1,deal,0.9259,neutral
P27,3,A,belethor,1,5.5,6.0,6.667,5.5,6.333,7.0,1.0,6.0,5.333,50.0,42.5,7.5,1,deal,0.85,trusted_customer
P27,3,D,lucan_valerius,3,6.0,7.0,6.333,6.5,6.333,2.0,6.0,7.0,6.333,62.0,61.7,0.29999999999999716,3,deal,1.2299,hostile
